Starting daily price check and video generation at Wed Jun  3 08:10:01 KST 2026
/Users/smithkwon/Library/Python/3.9/lib/python/site-packages/urllib3/__init__.py:35: NotOpenSSLWarning: urllib3 v2 only supports OpenSSL 1.1.1+, currently the 'ssl' module is compiled with 'LibreSSL 2.8.3'. See: https://github.com/urllib3/urllib3/issues/3020
  warnings.warn(
Fetching latest data from API...
Found 378 newly updated records.
Inserted 378 records into DB. Found 90 ATH records.
Image saved to /Users/smithkwon/.openclaw/workspace/dailypriceup/data/daily_shorts_rate.png
Image saved to /Users/smithkwon/.openclaw/workspace/dailypriceup/data/daily_shorts_amount.png
Image saved to /Users/smithkwon/.openclaw/workspace/dailypriceup/data/daily_shorts_lowest.png
Generating 12-second Shorts video...
Video generation complete: daily_shorts_final.mp4
Starting YouTube upload at Wed Jun  3 08:10:52 KST 2026
/Users/smithkwon/Library/Python/3.9/lib/python/site-packages/google/api_core/_python_version_support.py:242: FutureWarning: You are using a non-supported Python version (3.9.6). Google will not post any further updates to google.api_core supporting this Python version. Please upgrade to the latest Python version, or at least Python 3.10, and then update google.api_core.
  warnings.warn(message, FutureWarning)
/Users/smithkwon/Library/Python/3.9/lib/python/site-packages/google/auth/__init__.py:54: FutureWarning: You are using a Python version 3.9 past its end of life. Google will update google-auth with critical bug fixes on a best-effort basis, but not with any other fixes or features. Please upgrade your Python version, and then update google-auth.
  warnings.warn(eol_message.format("3.9"), FutureWarning)
/Users/smithkwon/Library/Python/3.9/lib/python/site-packages/google/oauth2/__init__.py:40: FutureWarning: You are using a Python version 3.9 past its end of life. Google will update google-auth with critical bug fixes on a best-effort basis, but not with any other fixes or features. Please upgrade your Python version, and then update google-auth.
  warnings.warn(eol_message.format("3.9"), FutureWarning)
/Users/smithkwon/Library/Python/3.9/lib/python/site-packages/urllib3/__init__.py:35: NotOpenSSLWarning: urllib3 v2 only supports OpenSSL 1.1.1+, currently the 'ssl' module is compiled with 'LibreSSL 2.8.3'. See: https://github.com/urllib3/urllib3/issues/3020
  warnings.warn(
Uploading video to YouTube...
=== Upload Complete! ===
Video ID: 8lQVJs7Ucg8
URL: https://youtu.be/8lQVJs7Ucg8
All tasks completed successfully at Wed Jun  3 08:10:56 KST 2026
Starting daily price check and video generation at Thu Jun  4 08:10:00 KST 2026
/Users/smithkwon/Library/Python/3.9/lib/python/site-packages/urllib3/__init__.py:35: NotOpenSSLWarning: urllib3 v2 only supports OpenSSL 1.1.1+, currently the 'ssl' module is compiled with 'LibreSSL 2.8.3'. See: https://github.com/urllib3/urllib3/issues/3020
  warnings.warn(
Fetching latest data from API...
Found 11 newly updated records.
Inserted 11 records into DB. Found 3 ATH records.
Image saved to /Users/smithkwon/.openclaw/workspace/dailypriceup/data/daily_shorts_rate.png
Image saved to /Users/smithkwon/.openclaw/workspace/dailypriceup/data/daily_shorts_amount.png
Image saved to /Users/smithkwon/.openclaw/workspace/dailypriceup/data/daily_shorts_lowest.png
Generating 12-second Shorts video...
Video generation complete: daily_shorts_final.mp4
Starting YouTube upload at Thu Jun  4 08:11:41 KST 2026
/Users/smithkwon/Library/Python/3.9/lib/python/site-packages/google/api_core/_python_version_support.py:242: FutureWarning: You are using a non-supported Python version (3.9.6). Google will not post any further updates to google.api_core supporting this Python version. Please upgrade to the latest Python version, or at least Python 3.10, and then update google.api_core.
  warnings.warn(message, FutureWarning)
/Users/smithkwon/Library/Python/3.9/lib/python/site-packages/google/auth/__init__.py:54: FutureWarning: You are using a Python version 3.9 past its end of life. Google will update google-auth with critical bug fixes on a best-effort basis, but not with any other fixes or features. Please upgrade your Python version, and then update google-auth.
  warnings.warn(eol_message.format("3.9"), FutureWarning)
/Users/smithkwon/Library/Python/3.9/lib/python/site-packages/google/oauth2/__init__.py:40: FutureWarning: You are using a Python version 3.9 past its end of life. Google will update google-auth with critical bug fixes on a best-effort basis, but not with any other fixes or features. Please upgrade your Python version, and then update google-auth.
  warnings.warn(eol_message.format("3.9"), FutureWarning)
/Users/smithkwon/Library/Python/3.9/lib/python/site-packages/urllib3/__init__.py:35: NotOpenSSLWarning: urllib3 v2 only supports OpenSSL 1.1.1+, currently the 'ssl' module is compiled with 'LibreSSL 2.8.3'. See: https://github.com/urllib3/urllib3/issues/3020
  warnings.warn(
Uploading video to YouTube...
=== Upload Complete! ===
Video ID: BNi6XraKZio
URL: https://youtu.be/BNi6XraKZio
All tasks completed successfully at Thu Jun  4 08:11:46 KST 2026
Starting daily price check and video generation at Fri Jun  5 08:10:00 KST 2026
/Users/smithkwon/Library/Python/3.9/lib/python/site-packages/urllib3/__init__.py:35: NotOpenSSLWarning: urllib3 v2 only supports OpenSSL 1.1.1+, currently the 'ssl' module is compiled with 'LibreSSL 2.8.3'. See: https://github.com/urllib3/urllib3/issues/3020
  warnings.warn(
Fetching latest data from API...
Found 420 newly updated records.
Inserted 420 records into DB. Found 132 ATH records.
Image saved to /Users/smithkwon/.openclaw/workspace/dailypriceup/data/daily_shorts_rate.png
Image saved to /Users/smithkwon/.openclaw/workspace/dailypriceup/data/daily_shorts_amount.png
Image saved to /Users/smithkwon/.openclaw/workspace/dailypriceup/data/daily_shorts_lowest.png
Today is Friday, using BGM: Friday.mp3
Image saved to /Users/smithkwon/.openclaw/workspace/dailypriceup/data/daily_shorts_top10.png
Generating 16-second Shorts video (including Top 10)...
Video generation complete: daily_shorts_final.mp4
Starting YouTube upload at Fri Jun  5 08:11:14 KST 2026
/Users/smithkwon/Library/Python/3.9/lib/python/site-packages/google/api_core/_python_version_support.py:242: FutureWarning: You are using a non-supported Python version (3.9.6). Google will not post any further updates to google.api_core supporting this Python version. Please upgrade to the latest Python version, or at least Python 3.10, and then update google.api_core.
  warnings.warn(message, FutureWarning)
/Users/smithkwon/Library/Python/3.9/lib/python/site-packages/google/auth/__init__.py:54: FutureWarning: You are using a Python version 3.9 past its end of life. Google will update google-auth with critical bug fixes on a best-effort basis, but not with any other fixes or features. Please upgrade your Python version, and then update google-auth.
  warnings.warn(eol_message.format("3.9"), FutureWarning)
/Users/smithkwon/Library/Python/3.9/lib/python/site-packages/google/oauth2/__init__.py:40: FutureWarning: You are using a Python version 3.9 past its end of life. Google will update google-auth with critical bug fixes on a best-effort basis, but not with any other fixes or features. Please upgrade your Python version, and then update google-auth.
  warnings.warn(eol_message.format("3.9"), FutureWarning)
/Users/smithkwon/Library/Python/3.9/lib/python/site-packages/urllib3/__init__.py:35: NotOpenSSLWarning: urllib3 v2 only supports OpenSSL 1.1.1+, currently the 'ssl' module is compiled with 'LibreSSL 2.8.3'. See: https://github.com/urllib3/urllib3/issues/3020
  warnings.warn(
Uploading video to YouTube...
=== Upload Complete! ===
Video ID: 3v73plgRKWs
URL: https://youtu.be/3v73plgRKWs
All tasks completed successfully at Fri Jun  5 08:11:20 KST 2026
Starting daily price check and video generation at 2026년  6월  5일 금요일 21시 13분 17초 KST
/Users/smithkwon/Library/Python/3.9/lib/python/site-packages/urllib3/__init__.py:35: NotOpenSSLWarning: urllib3 v2 only supports OpenSSL 1.1.1+, currently the 'ssl' module is compiled with 'LibreSSL 2.8.3'. See: https://github.com/urllib3/urllib3/issues/3020
  warnings.warn(
Fetching latest data from API...
Found 0 newly updated records.
Inserted 0 records into DB. Found 0 ATH records.
No ATH records found.
Image saved to /Users/smithkwon/.openclaw/workspace/dailypriceup/data/daily_shorts_rate.png
Image saved to /Users/smithkwon/.openclaw/workspace/dailypriceup/data/daily_shorts_amount.png
Image saved to /Users/smithkwon/.openclaw/workspace/dailypriceup/data/daily_shorts_lowest.png
Today is Friday, using BGM: Friday.mp3
Image saved to /Users/smithkwon/.openclaw/workspace/dailypriceup/data/daily_shorts_top10.png
Generating 16-second Shorts video (including Top 10)...
Video generation complete: daily_shorts_final.mp4
Starting YouTube upload at 2026년  6월  5일 금요일 21시 13분 32초 KST
/Users/smithkwon/Library/Python/3.9/lib/python/site-packages/google/api_core/_python_version_support.py:242: FutureWarning: You are using a non-supported Python version (3.9.6). Google will not post any further updates to google.api_core supporting this Python version. Please upgrade to the latest Python version, or at least Python 3.10, and then update google.api_core.
  warnings.warn(message, FutureWarning)
/Users/smithkwon/Library/Python/3.9/lib/python/site-packages/google/auth/__init__.py:54: FutureWarning: You are using a Python version 3.9 past its end of life. Google will update google-auth with critical bug fixes on a best-effort basis, but not with any other fixes or features. Please upgrade your Python version, and then update google-auth.
  warnings.warn(eol_message.format("3.9"), FutureWarning)
/Users/smithkwon/Library/Python/3.9/lib/python/site-packages/google/oauth2/__init__.py:40: FutureWarning: You are using a Python version 3.9 past its end of life. Google will update google-auth with critical bug fixes on a best-effort basis, but not with any other fixes or features. Please upgrade your Python version, and then update google-auth.
  warnings.warn(eol_message.format("3.9"), FutureWarning)
/Users/smithkwon/Library/Python/3.9/lib/python/site-packages/urllib3/__init__.py:35: NotOpenSSLWarning: urllib3 v2 only supports OpenSSL 1.1.1+, currently the 'ssl' module is compiled with 'LibreSSL 2.8.3'. See: https://github.com/urllib3/urllib3/issues/3020
  warnings.warn(
Uploading video to YouTube...
=== Upload Complete! ===
Video ID: 4AU0Go7H0jg
URL: https://youtu.be/4AU0Go7H0jg
All tasks completed successfully at 2026년  6월  5일 금요일 21시 13분 36초 KST
Starting daily price check and video generation at 2026년  6월  5일 금요일 21시 28분 21초 KST
/Users/smithkwon/Library/Python/3.9/lib/python/site-packages/urllib3/__init__.py:35: NotOpenSSLWarning: urllib3 v2 only supports OpenSSL 1.1.1+, currently the 'ssl' module is compiled with 'LibreSSL 2.8.3'. See: https://github.com/urllib3/urllib3/issues/3020
  warnings.warn(
Fetching latest data from API...
Found 0 newly updated records.
Inserted 0 records into DB. Found 0 ATH records.
No ATH records found.
Image saved to /Users/smithkwon/.openclaw/workspace/dailypriceup/data/daily_shorts_rate.png
Image saved to /Users/smithkwon/.openclaw/workspace/dailypriceup/data/daily_shorts_amount.png
Image saved to /Users/smithkwon/.openclaw/workspace/dailypriceup/data/daily_shorts_lowest.png
Today is Friday, using BGM: Friday.mp3
Image saved to /Users/smithkwon/.openclaw/workspace/dailypriceup/data/daily_shorts_top10.png
Generating 16-second Shorts video (including Top 10)...
Video generation complete: daily_shorts_final.mp4
Starting YouTube upload at 2026년  6월  5일 금요일 21시 28분 37초 KST
/Users/smithkwon/Library/Python/3.9/lib/python/site-packages/google/api_core/_python_version_support.py:242: FutureWarning: You are using a non-supported Python version (3.9.6). Google will not post any further updates to google.api_core supporting this Python version. Please upgrade to the latest Python version, or at least Python 3.10, and then update google.api_core.
  warnings.warn(message, FutureWarning)
/Users/smithkwon/Library/Python/3.9/lib/python/site-packages/google/auth/__init__.py:54: FutureWarning: You are using a Python version 3.9 past its end of life. Google will update google-auth with critical bug fixes on a best-effort basis, but not with any other fixes or features. Please upgrade your Python version, and then update google-auth.
  warnings.warn(eol_message.format("3.9"), FutureWarning)
/Users/smithkwon/Library/Python/3.9/lib/python/site-packages/google/oauth2/__init__.py:40: FutureWarning: You are using a Python version 3.9 past its end of life. Google will update google-auth with critical bug fixes on a best-effort basis, but not with any other fixes or features. Please upgrade your Python version, and then update google-auth.
  warnings.warn(eol_message.format("3.9"), FutureWarning)
/Users/smithkwon/Library/Python/3.9/lib/python/site-packages/urllib3/__init__.py:35: NotOpenSSLWarning: urllib3 v2 only supports OpenSSL 1.1.1+, currently the 'ssl' module is compiled with 'LibreSSL 2.8.3'. See: https://github.com/urllib3/urllib3/issues/3020
  warnings.warn(
Uploading video to YouTube...
=== Upload Complete! ===
Video ID: KC8MMFQV1Rc
URL: https://youtu.be/KC8MMFQV1Rc
All tasks completed successfully at 2026년  6월  5일 금요일 21시 28분 41초 KST
Starting daily price check and video generation at 2026년  6월  5일 금요일 21시 31분 07초 KST
/Users/smithkwon/Library/Python/3.9/lib/python/site-packages/urllib3/__init__.py:35: NotOpenSSLWarning: urllib3 v2 only supports OpenSSL 1.1.1+, currently the 'ssl' module is compiled with 'LibreSSL 2.8.3'. See: https://github.com/urllib3/urllib3/issues/3020
  warnings.warn(
Fetching latest data from API...
Found 0 newly updated records.
Inserted 0 records into DB. Found 0 ATH records.
No ATH records found.
Image saved to /Users/smithkwon/.openclaw/workspace/dailypriceup/data/daily_shorts_rate.png
Image saved to /Users/smithkwon/.openclaw/workspace/dailypriceup/data/daily_shorts_amount.png
Image saved to /Users/smithkwon/.openclaw/workspace/dailypriceup/data/daily_shorts_lowest.png
Today is Friday, using BGM: Friday.mp3
Image saved to /Users/smithkwon/.openclaw/workspace/dailypriceup/data/daily_shorts_top10.png
Generating 16-second Shorts video (including Top 10)...
Video generation complete: daily_shorts_final.mp4
Found 0 new ATH records or count could not be determined. Skipping YouTube upload.
Starting daily price check and video generation at 2026년  6월  5일 금요일 21시 31분 48초 KST
/Users/smithkwon/Library/Python/3.9/lib/python/site-packages/urllib3/__init__.py:35: NotOpenSSLWarning: urllib3 v2 only supports OpenSSL 1.1.1+, currently the 'ssl' module is compiled with 'LibreSSL 2.8.3'. See: https://github.com/urllib3/urllib3/issues/3020
  warnings.warn(
Fetching latest data from API...
Found 0 newly updated records.
Inserted 0 records into DB. Found 0 ATH records.
No ATH records found.
Image saved to /Users/smithkwon/.openclaw/workspace/dailypriceup/data/daily_shorts_rate.png
Image saved to /Users/smithkwon/.openclaw/workspace/dailypriceup/data/daily_shorts_amount.png
Image saved to /Users/smithkwon/.openclaw/workspace/dailypriceup/data/daily_shorts_lowest.png
Today is Friday, using BGM: Friday.mp3
Image saved to /Users/smithkwon/.openclaw/workspace/dailypriceup/data/daily_shorts_top10.png
Generating 16-second Shorts video (including Top 10)...
Video generation complete: daily_shorts_final.mp4
Found 0 new ATH records. Skipping YouTube upload.
Starting daily price check and video generation at 2026년  6월  5일 금요일 21시 32분 27초 KST
/Users/smithkwon/Library/Python/3.9/lib/python/site-packages/urllib3/__init__.py:35: NotOpenSSLWarning: urllib3 v2 only supports OpenSSL 1.1.1+, currently the 'ssl' module is compiled with 'LibreSSL 2.8.3'. See: https://github.com/urllib3/urllib3/issues/3020
  warnings.warn(
Fetching latest data from API...
Found 0 newly updated records.
Inserted 0 records into DB. Found 0 ATH records.
No ATH records found.
Image saved to /Users/smithkwon/.openclaw/workspace/dailypriceup/data/daily_shorts_rate.png
Image saved to /Users/smithkwon/.openclaw/workspace/dailypriceup/data/daily_shorts_amount.png
Image saved to /Users/smithkwon/.openclaw/workspace/dailypriceup/data/daily_shorts_lowest.png
Today is Friday, using BGM: Friday.mp3
Image saved to /Users/smithkwon/.openclaw/workspace/dailypriceup/data/daily_shorts_top10.png
Generating 16-second Shorts video (including Top 10)...
Video generation complete: daily_shorts_final.mp4
Found 0 new ATH records. Skipping YouTube upload.
Starting daily price check and video generation at 2026년  6월  5일 금요일 21시 37분 30초 KST
/Users/smithkwon/Library/Python/3.9/lib/python/site-packages/urllib3/__init__.py:35: NotOpenSSLWarning: urllib3 v2 only supports OpenSSL 1.1.1+, currently the 'ssl' module is compiled with 'LibreSSL 2.8.3'. See: https://github.com/urllib3/urllib3/issues/3020
  warnings.warn(
Fetching latest data from API...
Found 0 newly updated records.
Inserted 0 records into DB. Found 0 ATH records.
Today is Friday, using BGM: Friday.mp3
No ATH records found. Generating special video.
Image saved to /Users/smithkwon/.openclaw/workspace/dailypriceup/data/daily_shorts_no_ath.png
Image saved to /Users/smithkwon/.openclaw/workspace/dailypriceup/data/daily_shorts_top10.png
Generating 16-second Shorts video (No ATH version)...
Video generation complete: daily_shorts_final.mp4
Starting YouTube upload at 2026년  6월  5일 금요일 21시 37분 42초 KST
/Users/smithkwon/Library/Python/3.9/lib/python/site-packages/google/api_core/_python_version_support.py:242: FutureWarning: You are using a non-supported Python version (3.9.6). Google will not post any further updates to google.api_core supporting this Python version. Please upgrade to the latest Python version, or at least Python 3.10, and then update google.api_core.
  warnings.warn(message, FutureWarning)
/Users/smithkwon/Library/Python/3.9/lib/python/site-packages/google/auth/__init__.py:54: FutureWarning: You are using a Python version 3.9 past its end of life. Google will update google-auth with critical bug fixes on a best-effort basis, but not with any other fixes or features. Please upgrade your Python version, and then update google-auth.
  warnings.warn(eol_message.format("3.9"), FutureWarning)
/Users/smithkwon/Library/Python/3.9/lib/python/site-packages/google/oauth2/__init__.py:40: FutureWarning: You are using a Python version 3.9 past its end of life. Google will update google-auth with critical bug fixes on a best-effort basis, but not with any other fixes or features. Please upgrade your Python version, and then update google-auth.
  warnings.warn(eol_message.format("3.9"), FutureWarning)
/Users/smithkwon/Library/Python/3.9/lib/python/site-packages/urllib3/__init__.py:35: NotOpenSSLWarning: urllib3 v2 only supports OpenSSL 1.1.1+, currently the 'ssl' module is compiled with 'LibreSSL 2.8.3'. See: https://github.com/urllib3/urllib3/issues/3020
  warnings.warn(
Uploading video to YouTube...
=== Upload Complete! ===
Video ID: Q_hrYR7GGyc
URL: https://youtu.be/Q_hrYR7GGyc
All tasks completed successfully at 2026년  6월  5일 금요일 21시 37분 45초 KST
Starting daily price check and video generation at Sat Jun  6 08:10:01 KST 2026
/Users/smithkwon/Library/Python/3.9/lib/python/site-packages/urllib3/__init__.py:35: NotOpenSSLWarning: urllib3 v2 only supports OpenSSL 1.1.1+, currently the 'ssl' module is compiled with 'LibreSSL 2.8.3'. See: https://github.com/urllib3/urllib3/issues/3020
  warnings.warn(
Fetching latest data from API...
Found 0 newly updated records.
Inserted 0 records into DB. Found 0 ATH records.
Today is Saturday, using BGM: Saturday.mp3
No ATH records found. Generating special video.
Image saved to /Users/smithkwon/.openclaw/workspace/dailypriceup/data/daily_shorts_no_ath.png
Image saved to /Users/smithkwon/.openclaw/workspace/dailypriceup/data/daily_shorts_top10.png
Generating 16-second Shorts video (No ATH version)...
Video generation complete: daily_shorts_final.mp4
Starting YouTube upload at Sat Jun  6 08:10:53 KST 2026
/Users/smithkwon/Library/Python/3.9/lib/python/site-packages/google/api_core/_python_version_support.py:242: FutureWarning: You are using a non-supported Python version (3.9.6). Google will not post any further updates to google.api_core supporting this Python version. Please upgrade to the latest Python version, or at least Python 3.10, and then update google.api_core.
  warnings.warn(message, FutureWarning)
/Users/smithkwon/Library/Python/3.9/lib/python/site-packages/google/auth/__init__.py:54: FutureWarning: You are using a Python version 3.9 past its end of life. Google will update google-auth with critical bug fixes on a best-effort basis, but not with any other fixes or features. Please upgrade your Python version, and then update google-auth.
  warnings.warn(eol_message.format("3.9"), FutureWarning)
/Users/smithkwon/Library/Python/3.9/lib/python/site-packages/google/oauth2/__init__.py:40: FutureWarning: You are using a Python version 3.9 past its end of life. Google will update google-auth with critical bug fixes on a best-effort basis, but not with any other fixes or features. Please upgrade your Python version, and then update google-auth.
  warnings.warn(eol_message.format("3.9"), FutureWarning)
/Users/smithkwon/Library/Python/3.9/lib/python/site-packages/urllib3/__init__.py:35: NotOpenSSLWarning: urllib3 v2 only supports OpenSSL 1.1.1+, currently the 'ssl' module is compiled with 'LibreSSL 2.8.3'. See: https://github.com/urllib3/urllib3/issues/3020
  warnings.warn(
Uploading video to YouTube...
=== Upload Complete! ===
Video ID: eTIiO2RDELI
URL: https://youtu.be/eTIiO2RDELI
All tasks completed successfully at Sat Jun  6 08:10:59 KST 2026
/Users/smithkwon/Library/Python/3.9/lib/python/site-packages/urllib3/__init__.py:35: NotOpenSSLWarning: urllib3 v2 only supports OpenSSL 1.1.1+, currently the 'ssl' module is compiled with 'LibreSSL 2.8.3'. See: https://github.com/urllib3/urllib3/issues/3020
  warnings.warn(
Fetching latest data from API...
Found 0 newly updated records.
Inserted 0 records into DB. Found 0 ATH records.
Today is Saturday, using BGM: Saturday.mp3
No ATH records found. Generating special video.
Image saved to /Users/smithkwon/.openclaw/workspace/dailypriceup/data/daily_shorts_no_ath.png
Image saved to /Users/smithkwon/.openclaw/workspace/dailypriceup/data/daily_shorts_top10.png
Generating 16-second Shorts video (No ATH version)...
Video generation complete: daily_shorts_final.mp4
Starting daily price check and video generation at Sun Jun  7 08:10:00 KST 2026
/Users/smithkwon/Library/Python/3.9/lib/python/site-packages/urllib3/__init__.py:35: NotOpenSSLWarning: urllib3 v2 only supports OpenSSL 1.1.1+, currently the 'ssl' module is compiled with 'LibreSSL 2.8.3'. See: https://github.com/urllib3/urllib3/issues/3020
  warnings.warn(
Fetching latest data from API...
Found 18 newly updated records.
Saved 18 new trades to /Users/smithkwon/.openclaw/workspace/dailypriceup/data/new_trade_2026_06_07.json
Inserted 18 records into DB. Found 6 ATH records.
Image saved to /Users/smithkwon/.openclaw/workspace/dailypriceup/data/daily_shorts_rate.png
Image saved to /Users/smithkwon/.openclaw/workspace/dailypriceup/data/daily_shorts_amount.png
Image saved to /Users/smithkwon/.openclaw/workspace/dailypriceup/data/daily_shorts_lowest.png
Today is Sunday, using BGM: Sunday.mp3
Image saved to /Users/smithkwon/.openclaw/workspace/dailypriceup/data/daily_shorts_top10.png
Generating 16-second Shorts video (including Top 10)...
Video generation complete: daily_shorts_final.mp4
Starting YouTube upload at Sun Jun  7 08:10:41 KST 2026
/Users/smithkwon/Library/Python/3.9/lib/python/site-packages/google/api_core/_python_version_support.py:242: FutureWarning: You are using a non-supported Python version (3.9.6). Google will not post any further updates to google.api_core supporting this Python version. Please upgrade to the latest Python version, or at least Python 3.10, and then update google.api_core.
  warnings.warn(message, FutureWarning)
/Users/smithkwon/Library/Python/3.9/lib/python/site-packages/google/auth/__init__.py:54: FutureWarning: You are using a Python version 3.9 past its end of life. Google will update google-auth with critical bug fixes on a best-effort basis, but not with any other fixes or features. Please upgrade your Python version, and then update google-auth.
  warnings.warn(eol_message.format("3.9"), FutureWarning)
/Users/smithkwon/Library/Python/3.9/lib/python/site-packages/google/oauth2/__init__.py:40: FutureWarning: You are using a Python version 3.9 past its end of life. Google will update google-auth with critical bug fixes on a best-effort basis, but not with any other fixes or features. Please upgrade your Python version, and then update google-auth.
  warnings.warn(eol_message.format("3.9"), FutureWarning)
/Users/smithkwon/Library/Python/3.9/lib/python/site-packages/urllib3/__init__.py:35: NotOpenSSLWarning: urllib3 v2 only supports OpenSSL 1.1.1+, currently the 'ssl' module is compiled with 'LibreSSL 2.8.3'. See: https://github.com/urllib3/urllib3/issues/3020
  warnings.warn(
Uploading video to YouTube...
=== Upload Complete! ===
Video ID: JJ0zWOErtdw
URL: https://youtu.be/JJ0zWOErtdw
All tasks completed successfully at Sun Jun  7 08:10:45 KST 2026
Starting daily price check and video generation at Mon Jun  8 08:10:00 KST 2026
/Users/smithkwon/Library/Python/3.9/lib/python/site-packages/urllib3/__init__.py:35: NotOpenSSLWarning: urllib3 v2 only supports OpenSSL 1.1.1+, currently the 'ssl' module is compiled with 'LibreSSL 2.8.3'. See: https://github.com/urllib3/urllib3/issues/3020
  warnings.warn(
Fetching latest data from API...
Found 28 newly updated records.
Saved 28 new trades to /Users/smithkwon/.openclaw/workspace/dailypriceup/data/new_trade_2026_06_08.json
Inserted 28 records into DB. Found 11 ATH records.
Image saved to /Users/smithkwon/.openclaw/workspace/dailypriceup/data/daily_shorts_rate.png
Image saved to /Users/smithkwon/.openclaw/workspace/dailypriceup/data/daily_shorts_amount.png
Image saved to /Users/smithkwon/.openclaw/workspace/dailypriceup/data/daily_shorts_lowest.png
Today is Monday, using BGM: TechLive.mp3
Image saved to /Users/smithkwon/.openclaw/workspace/dailypriceup/data/daily_shorts_top10.png
Generating 16-second Shorts video (including Top 10)...
Video generation complete: daily_shorts_final.mp4
Starting YouTube upload at Mon Jun  8 08:11:09 KST 2026
/Users/smithkwon/Library/Python/3.9/lib/python/site-packages/google/api_core/_python_version_support.py:242: FutureWarning: You are using a non-supported Python version (3.9.6). Google will not post any further updates to google.api_core supporting this Python version. Please upgrade to the latest Python version, or at least Python 3.10, and then update google.api_core.
  warnings.warn(message, FutureWarning)
/Users/smithkwon/Library/Python/3.9/lib/python/site-packages/google/auth/__init__.py:54: FutureWarning: You are using a Python version 3.9 past its end of life. Google will update google-auth with critical bug fixes on a best-effort basis, but not with any other fixes or features. Please upgrade your Python version, and then update google-auth.
  warnings.warn(eol_message.format("3.9"), FutureWarning)
/Users/smithkwon/Library/Python/3.9/lib/python/site-packages/google/oauth2/__init__.py:40: FutureWarning: You are using a Python version 3.9 past its end of life. Google will update google-auth with critical bug fixes on a best-effort basis, but not with any other fixes or features. Please upgrade your Python version, and then update google-auth.
  warnings.warn(eol_message.format("3.9"), FutureWarning)
/Users/smithkwon/Library/Python/3.9/lib/python/site-packages/urllib3/__init__.py:35: NotOpenSSLWarning: urllib3 v2 only supports OpenSSL 1.1.1+, currently the 'ssl' module is compiled with 'LibreSSL 2.8.3'. See: https://github.com/urllib3/urllib3/issues/3020
  warnings.warn(
Uploading video to YouTube...
=== Upload Complete! ===
Video ID: _NblbDOPTAY
URL: https://youtu.be/_NblbDOPTAY
All tasks completed successfully at Mon Jun  8 08:11:14 KST 2026
Starting daily price check and video generation at Tue Jun  9 08:10:01 KST 2026
/Users/smithkwon/Library/Python/3.9/lib/python/site-packages/urllib3/__init__.py:35: NotOpenSSLWarning: urllib3 v2 only supports OpenSSL 1.1.1+, currently the 'ssl' module is compiled with 'LibreSSL 2.8.3'. See: https://github.com/urllib3/urllib3/issues/3020
  warnings.warn(
Fetching latest data from API...
Found 479 newly updated records.
Saved 479 new trades to /Users/smithkwon/.openclaw/workspace/dailypriceup/data/new_trade_2026_06_09.json
Saved 116 ATH records to /Users/smithkwon/.openclaw/workspace/dailypriceup/data/ath_list_2026_06_09.json
Inserted 479 records into DB. Found 116 ATH records.
Image saved to /Users/smithkwon/.openclaw/workspace/dailypriceup/data/daily_shorts_rate.png
Image saved to /Users/smithkwon/.openclaw/workspace/dailypriceup/data/daily_shorts_amount.png
Image saved to /Users/smithkwon/.openclaw/workspace/dailypriceup/data/daily_shorts_lowest.png
Today is Tuesday, using BGM: Tuesday.mp3
Image saved to /Users/smithkwon/.openclaw/workspace/dailypriceup/data/daily_shorts_top10.png
Generating 16-second Shorts video (including Top 10)...
Video generation complete: daily_shorts_final.mp4
Starting YouTube upload at Tue Jun  9 08:10:53 KST 2026
/Users/smithkwon/Library/Python/3.9/lib/python/site-packages/google/api_core/_python_version_support.py:242: FutureWarning: You are using a non-supported Python version (3.9.6). Google will not post any further updates to google.api_core supporting this Python version. Please upgrade to the latest Python version, or at least Python 3.10, and then update google.api_core.
  warnings.warn(message, FutureWarning)
/Users/smithkwon/Library/Python/3.9/lib/python/site-packages/google/auth/__init__.py:54: FutureWarning: You are using a Python version 3.9 past its end of life. Google will update google-auth with critical bug fixes on a best-effort basis, but not with any other fixes or features. Please upgrade your Python version, and then update google-auth.
  warnings.warn(eol_message.format("3.9"), FutureWarning)
/Users/smithkwon/Library/Python/3.9/lib/python/site-packages/google/oauth2/__init__.py:40: FutureWarning: You are using a Python version 3.9 past its end of life. Google will update google-auth with critical bug fixes on a best-effort basis, but not with any other fixes or features. Please upgrade your Python version, and then update google-auth.
  warnings.warn(eol_message.format("3.9"), FutureWarning)
/Users/smithkwon/Library/Python/3.9/lib/python/site-packages/urllib3/__init__.py:35: NotOpenSSLWarning: urllib3 v2 only supports OpenSSL 1.1.1+, currently the 'ssl' module is compiled with 'LibreSSL 2.8.3'. See: https://github.com/urllib3/urllib3/issues/3020
  warnings.warn(
Uploading video to YouTube...
=== Upload Complete! ===
Video ID: boBYpEJ37SA
URL: https://youtu.be/boBYpEJ37SA
All tasks completed successfully at Tue Jun  9 08:10:58 KST 2026
Starting daily price check and video generation at Wed Jun 10 08:10:00 KST 2026
/Users/smithkwon/Library/Python/3.9/lib/python/site-packages/urllib3/__init__.py:35: NotOpenSSLWarning: urllib3 v2 only supports OpenSSL 1.1.1+, currently the 'ssl' module is compiled with 'LibreSSL 2.8.3'. See: https://github.com/urllib3/urllib3/issues/3020
  warnings.warn(
Fetching latest data from API...
Found 381 newly updated records.
Saved 381 new trades to /Users/smithkwon/.openclaw/workspace/dailypriceup/data/new_trade_2026_06_10.json
Saved 104 ATH records to /Users/smithkwon/.openclaw/workspace/dailypriceup/data/ath_list_2026_06_10.json
Inserted 381 records into DB. Found 104 ATH records.
Image saved to /Users/smithkwon/.openclaw/workspace/dailypriceup/data/daily_shorts_rate.png
Image saved to /Users/smithkwon/.openclaw/workspace/dailypriceup/data/daily_shorts_amount.png
Image saved to /Users/smithkwon/.openclaw/workspace/dailypriceup/data/daily_shorts_lowest.png
Today is Wednesday, using BGM: Wednesday.mp3
Image saved to /Users/smithkwon/.openclaw/workspace/dailypriceup/data/daily_shorts_top10.png
Generating 16-second Shorts video (including Top 10)...
Video generation complete: daily_shorts_final.mp4
Starting YouTube upload at Wed Jun 10 08:11:47 KST 2026
/Users/smithkwon/Library/Python/3.9/lib/python/site-packages/google/api_core/_python_version_support.py:242: FutureWarning: You are using a non-supported Python version (3.9.6). Google will not post any further updates to google.api_core supporting this Python version. Please upgrade to the latest Python version, or at least Python 3.10, and then update google.api_core.
  warnings.warn(message, FutureWarning)
/Users/smithkwon/Library/Python/3.9/lib/python/site-packages/google/auth/__init__.py:54: FutureWarning: You are using a Python version 3.9 past its end of life. Google will update google-auth with critical bug fixes on a best-effort basis, but not with any other fixes or features. Please upgrade your Python version, and then update google-auth.
  warnings.warn(eol_message.format("3.9"), FutureWarning)
/Users/smithkwon/Library/Python/3.9/lib/python/site-packages/google/oauth2/__init__.py:40: FutureWarning: You are using a Python version 3.9 past its end of life. Google will update google-auth with critical bug fixes on a best-effort basis, but not with any other fixes or features. Please upgrade your Python version, and then update google-auth.
  warnings.warn(eol_message.format("3.9"), FutureWarning)
/Users/smithkwon/Library/Python/3.9/lib/python/site-packages/urllib3/__init__.py:35: NotOpenSSLWarning: urllib3 v2 only supports OpenSSL 1.1.1+, currently the 'ssl' module is compiled with 'LibreSSL 2.8.3'. See: https://github.com/urllib3/urllib3/issues/3020
  warnings.warn(
Traceback (most recent call last):
  File "/Users/smithkwon/.openclaw/workspace/dailypriceup/scripts/upload_youtube.py", line 94, in <module>
    upload_video()
  File "/Users/smithkwon/.openclaw/workspace/dailypriceup/scripts/upload_youtube.py", line 42, in upload_video
    creds = authenticate()
  File "/Users/smithkwon/.openclaw/workspace/dailypriceup/scripts/upload_youtube.py", line 25, in authenticate
    creds.refresh(Request())
  File "/Users/smithkwon/Library/Python/3.9/lib/python/site-packages/google/auth/credentials.py", line 474, in refresh
    self._perform_refresh_token(request)
  File "/Users/smithkwon/Library/Python/3.9/lib/python/site-packages/google/oauth2/credentials.py", line 435, in _perform_refresh_token
    ) = reauth.refresh_grant(
  File "/Users/smithkwon/Library/Python/3.9/lib/python/site-packages/google/oauth2/reauth.py", line 370, in refresh_grant
    _client._handle_error_response(response_data, retryable_error)
  File "/Users/smithkwon/Library/Python/3.9/lib/python/site-packages/google/oauth2/_client.py", line 73, in _handle_error_response
    raise exceptions.RefreshError(
google.auth.exceptions.RefreshError: ('invalid_grant: Token has been expired or revoked.', {'error': 'invalid_grant', 'error_description': 'Token has been expired or revoked.'})
All tasks completed successfully at Wed Jun 10 08:11:48 KST 2026
Starting daily price check and video generation at Thu Jun 11 08:10:00 KST 2026
/Users/smithkwon/Library/Python/3.9/lib/python/site-packages/urllib3/__init__.py:35: NotOpenSSLWarning: urllib3 v2 only supports OpenSSL 1.1.1+, currently the 'ssl' module is compiled with 'LibreSSL 2.8.3'. See: https://github.com/urllib3/urllib3/issues/3020
  warnings.warn(
Fetching latest data from API...
Found 354 newly updated records.
Saved 354 new trades to /Users/smithkwon/.openclaw/workspace/dailypriceup/data/new_trade_2026_06_11.json
Saved 108 ATH records to /Users/smithkwon/.openclaw/workspace/dailypriceup/data/ath_list_2026_06_11.json
Inserted 354 records into DB. Found 108 ATH records.
Image saved to /Users/smithkwon/.openclaw/workspace/dailypriceup/data/daily_shorts_rate.png
Image saved to /Users/smithkwon/.openclaw/workspace/dailypriceup/data/daily_shorts_amount.png
Image saved to /Users/smithkwon/.openclaw/workspace/dailypriceup/data/daily_shorts_lowest.png
Today is Thursday, using BGM: Thursday.mp3
Image saved to /Users/smithkwon/.openclaw/workspace/dailypriceup/data/daily_shorts_top10.png
Generating 16-second Shorts video (including Top 10)...
Video generation complete: daily_shorts_final.mp4
Starting YouTube upload at Thu Jun 11 08:11:04 KST 2026
/Users/smithkwon/Library/Python/3.9/lib/python/site-packages/google/api_core/_python_version_support.py:242: FutureWarning: You are using a non-supported Python version (3.9.6). Google will not post any further updates to google.api_core supporting this Python version. Please upgrade to the latest Python version, or at least Python 3.10, and then update google.api_core.
  warnings.warn(message, FutureWarning)
/Users/smithkwon/Library/Python/3.9/lib/python/site-packages/google/auth/__init__.py:54: FutureWarning: You are using a Python version 3.9 past its end of life. Google will update google-auth with critical bug fixes on a best-effort basis, but not with any other fixes or features. Please upgrade your Python version, and then update google-auth.
  warnings.warn(eol_message.format("3.9"), FutureWarning)
/Users/smithkwon/Library/Python/3.9/lib/python/site-packages/google/oauth2/__init__.py:40: FutureWarning: You are using a Python version 3.9 past its end of life. Google will update google-auth with critical bug fixes on a best-effort basis, but not with any other fixes or features. Please upgrade your Python version, and then update google-auth.
  warnings.warn(eol_message.format("3.9"), FutureWarning)
/Users/smithkwon/Library/Python/3.9/lib/python/site-packages/urllib3/__init__.py:35: NotOpenSSLWarning: urllib3 v2 only supports OpenSSL 1.1.1+, currently the 'ssl' module is compiled with 'LibreSSL 2.8.3'. See: https://github.com/urllib3/urllib3/issues/3020
  warnings.warn(
Traceback (most recent call last):
  File "/Users/smithkwon/.openclaw/workspace/dailypriceup/scripts/upload_youtube.py", line 94, in <module>
    upload_video()
  File "/Users/smithkwon/.openclaw/workspace/dailypriceup/scripts/upload_youtube.py", line 42, in upload_video
    creds = authenticate()
  File "/Users/smithkwon/.openclaw/workspace/dailypriceup/scripts/upload_youtube.py", line 25, in authenticate
    creds.refresh(Request())
  File "/Users/smithkwon/Library/Python/3.9/lib/python/site-packages/google/auth/credentials.py", line 474, in refresh
    self._perform_refresh_token(request)
  File "/Users/smithkwon/Library/Python/3.9/lib/python/site-packages/google/oauth2/credentials.py", line 435, in _perform_refresh_token
    ) = reauth.refresh_grant(
  File "/Users/smithkwon/Library/Python/3.9/lib/python/site-packages/google/oauth2/reauth.py", line 370, in refresh_grant
    _client._handle_error_response(response_data, retryable_error)
  File "/Users/smithkwon/Library/Python/3.9/lib/python/site-packages/google/oauth2/_client.py", line 73, in _handle_error_response
    raise exceptions.RefreshError(
google.auth.exceptions.RefreshError: ('invalid_grant: Token has been expired or revoked.', {'error': 'invalid_grant', 'error_description': 'Token has been expired or revoked.'})
All tasks completed successfully at Thu Jun 11 08:11:05 KST 2026
Starting daily price check and video generation at Fri Jun 12 08:10:00 KST 2026
/Users/smithkwon/Library/Python/3.9/lib/python/site-packages/urllib3/__init__.py:35: NotOpenSSLWarning: urllib3 v2 only supports OpenSSL 1.1.1+, currently the 'ssl' module is compiled with 'LibreSSL 2.8.3'. See: https://github.com/urllib3/urllib3/issues/3020
  warnings.warn(
Fetching latest data from API...
Found 351 newly updated records.
Saved 351 new trades to /Users/smithkwon/.openclaw/workspace/dailypriceup/data/new_trade_2026_06_12.json
Saved 78 ATH records to /Users/smithkwon/.openclaw/workspace/dailypriceup/data/ath_list_2026_06_12.json
Inserted 351 records into DB. Found 78 ATH records.
Image saved to /Users/smithkwon/.openclaw/workspace/dailypriceup/data/daily_shorts_rate.png
Image saved to /Users/smithkwon/.openclaw/workspace/dailypriceup/data/daily_shorts_amount.png
Image saved to /Users/smithkwon/.openclaw/workspace/dailypriceup/data/daily_shorts_lowest.png
Today is Friday, using BGM: Friday.mp3
Image saved to /Users/smithkwon/.openclaw/workspace/dailypriceup/data/daily_shorts_top10.png
Generating 16-second Shorts video (including Top 10)...
Video generation complete: daily_shorts_final.mp4
Starting YouTube upload at Fri Jun 12 08:10:40 KST 2026
/Users/smithkwon/Library/Python/3.9/lib/python/site-packages/google/api_core/_python_version_support.py:242: FutureWarning: You are using a non-supported Python version (3.9.6). Google will not post any further updates to google.api_core supporting this Python version. Please upgrade to the latest Python version, or at least Python 3.10, and then update google.api_core.
  warnings.warn(message, FutureWarning)
/Users/smithkwon/Library/Python/3.9/lib/python/site-packages/google/auth/__init__.py:54: FutureWarning: You are using a Python version 3.9 past its end of life. Google will update google-auth with critical bug fixes on a best-effort basis, but not with any other fixes or features. Please upgrade your Python version, and then update google-auth.
  warnings.warn(eol_message.format("3.9"), FutureWarning)
/Users/smithkwon/Library/Python/3.9/lib/python/site-packages/google/oauth2/__init__.py:40: FutureWarning: You are using a Python version 3.9 past its end of life. Google will update google-auth with critical bug fixes on a best-effort basis, but not with any other fixes or features. Please upgrade your Python version, and then update google-auth.
  warnings.warn(eol_message.format("3.9"), FutureWarning)
/Users/smithkwon/Library/Python/3.9/lib/python/site-packages/urllib3/__init__.py:35: NotOpenSSLWarning: urllib3 v2 only supports OpenSSL 1.1.1+, currently the 'ssl' module is compiled with 'LibreSSL 2.8.3'. See: https://github.com/urllib3/urllib3/issues/3020
  warnings.warn(
Uploading video to YouTube...
=== Upload Complete! ===
Video ID: noxNutuZfIA
URL: https://youtu.be/noxNutuZfIA
All tasks completed successfully at Fri Jun 12 08:10:45 KST 2026
Starting daily price check and video generation at Sat Jun 13 08:10:00 KST 2026
/Users/smithkwon/Library/Python/3.9/lib/python/site-packages/urllib3/__init__.py:35: NotOpenSSLWarning: urllib3 v2 only supports OpenSSL 1.1.1+, currently the 'ssl' module is compiled with 'LibreSSL 2.8.3'. See: https://github.com/urllib3/urllib3/issues/3020
  warnings.warn(
Fetching latest data from API...
Found 276 newly updated records.
Saved 276 new trades to /Users/smithkwon/.openclaw/workspace/dailypriceup/data/new_trade_2026_06_13.json
Saved 92 ATH records to /Users/smithkwon/.openclaw/workspace/dailypriceup/data/ath_list_2026_06_13.json
Inserted 276 records into DB. Found 92 ATH records.
Image saved to /Users/smithkwon/.openclaw/workspace/dailypriceup/data/daily_shorts_rate.png
Image saved to /Users/smithkwon/.openclaw/workspace/dailypriceup/data/daily_shorts_amount.png
Image saved to /Users/smithkwon/.openclaw/workspace/dailypriceup/data/daily_shorts_lowest.png
Today is Saturday, using BGM: Saturday.mp3
Image saved to /Users/smithkwon/.openclaw/workspace/dailypriceup/data/daily_shorts_top10.png
Generating 16-second Shorts video (including Top 10)...
Video generation complete: daily_shorts_final.mp4
Starting YouTube upload at Sat Jun 13 08:10:44 KST 2026
/Users/smithkwon/Library/Python/3.9/lib/python/site-packages/google/api_core/_python_version_support.py:242: FutureWarning: You are using a non-supported Python version (3.9.6). Google will not post any further updates to google.api_core supporting this Python version. Please upgrade to the latest Python version, or at least Python 3.10, and then update google.api_core.
  warnings.warn(message, FutureWarning)
/Users/smithkwon/Library/Python/3.9/lib/python/site-packages/google/auth/__init__.py:54: FutureWarning: You are using a Python version 3.9 past its end of life. Google will update google-auth with critical bug fixes on a best-effort basis, but not with any other fixes or features. Please upgrade your Python version, and then update google-auth.
  warnings.warn(eol_message.format("3.9"), FutureWarning)
/Users/smithkwon/Library/Python/3.9/lib/python/site-packages/google/oauth2/__init__.py:40: FutureWarning: You are using a Python version 3.9 past its end of life. Google will update google-auth with critical bug fixes on a best-effort basis, but not with any other fixes or features. Please upgrade your Python version, and then update google-auth.
  warnings.warn(eol_message.format("3.9"), FutureWarning)
/Users/smithkwon/Library/Python/3.9/lib/python/site-packages/urllib3/__init__.py:35: NotOpenSSLWarning: urllib3 v2 only supports OpenSSL 1.1.1+, currently the 'ssl' module is compiled with 'LibreSSL 2.8.3'. See: https://github.com/urllib3/urllib3/issues/3020
  warnings.warn(
Uploading video to YouTube...
=== Upload Complete! ===
Video ID: ospFtgtI7-8
URL: https://youtu.be/ospFtgtI7-8
All tasks completed successfully at Sat Jun 13 08:10:48 KST 2026
Starting daily price check and video generation at Sun Jun 14 08:10:01 KST 2026
/Users/smithkwon/Library/Python/3.9/lib/python/site-packages/urllib3/__init__.py:35: NotOpenSSLWarning: urllib3 v2 only supports OpenSSL 1.1.1+, currently the 'ssl' module is compiled with 'LibreSSL 2.8.3'. See: https://github.com/urllib3/urllib3/issues/3020
  warnings.warn(
Fetching latest data from API...
Found 19 newly updated records.
Saved 19 new trades to /Users/smithkwon/.openclaw/workspace/dailypriceup/data/new_trade_2026_06_14.json
Saved 8 ATH records to /Users/smithkwon/.openclaw/workspace/dailypriceup/data/ath_list_2026_06_14.json
Inserted 19 records into DB. Found 8 ATH records.
Image saved to /Users/smithkwon/.openclaw/workspace/dailypriceup/data/daily_shorts_rate.png
Image saved to /Users/smithkwon/.openclaw/workspace/dailypriceup/data/daily_shorts_amount.png
Image saved to /Users/smithkwon/.openclaw/workspace/dailypriceup/data/daily_shorts_lowest.png
Today is Sunday, using BGM: Sunday.mp3
Image saved to /Users/smithkwon/.openclaw/workspace/dailypriceup/data/daily_shorts_top10.png
Generating 16-second Shorts video (including Top 10)...
Video generation complete: daily_shorts_final.mp4
Starting YouTube upload at Sun Jun 14 08:11:45 KST 2026
/Users/smithkwon/Library/Python/3.9/lib/python/site-packages/google/api_core/_python_version_support.py:242: FutureWarning: You are using a non-supported Python version (3.9.6). Google will not post any further updates to google.api_core supporting this Python version. Please upgrade to the latest Python version, or at least Python 3.10, and then update google.api_core.
  warnings.warn(message, FutureWarning)
/Users/smithkwon/Library/Python/3.9/lib/python/site-packages/google/auth/__init__.py:54: FutureWarning: You are using a Python version 3.9 past its end of life. Google will update google-auth with critical bug fixes on a best-effort basis, but not with any other fixes or features. Please upgrade your Python version, and then update google-auth.
  warnings.warn(eol_message.format("3.9"), FutureWarning)
/Users/smithkwon/Library/Python/3.9/lib/python/site-packages/google/oauth2/__init__.py:40: FutureWarning: You are using a Python version 3.9 past its end of life. Google will update google-auth with critical bug fixes on a best-effort basis, but not with any other fixes or features. Please upgrade your Python version, and then update google-auth.
  warnings.warn(eol_message.format("3.9"), FutureWarning)
/Users/smithkwon/Library/Python/3.9/lib/python/site-packages/urllib3/__init__.py:35: NotOpenSSLWarning: urllib3 v2 only supports OpenSSL 1.1.1+, currently the 'ssl' module is compiled with 'LibreSSL 2.8.3'. See: https://github.com/urllib3/urllib3/issues/3020
  warnings.warn(
Uploading video to YouTube...
=== Upload Complete! ===
Video ID: vEDulPAiJV0
URL: https://youtu.be/vEDulPAiJV0
All tasks completed successfully at Sun Jun 14 08:11:49 KST 2026
Starting daily price check and video generation at Mon Jun 15 08:10:00 KST 2026
/Users/smithkwon/Library/Python/3.9/lib/python/site-packages/urllib3/__init__.py:35: NotOpenSSLWarning: urllib3 v2 only supports OpenSSL 1.1.1+, currently the 'ssl' module is compiled with 'LibreSSL 2.8.3'. See: https://github.com/urllib3/urllib3/issues/3020
  warnings.warn(
Fetching latest data from API...
Found 8 newly updated records.
Saved 8 new trades to /Users/smithkwon/.openclaw/workspace/dailypriceup/data/new_trade_2026_06_15.json
Saved 1 ATH records to /Users/smithkwon/.openclaw/workspace/dailypriceup/data/ath_list_2026_06_15.json
Inserted 8 records into DB. Found 1 ATH records.
Image saved to /Users/smithkwon/.openclaw/workspace/dailypriceup/data/daily_shorts_rate.png
Image saved to /Users/smithkwon/.openclaw/workspace/dailypriceup/data/daily_shorts_amount.png
Image saved to /Users/smithkwon/.openclaw/workspace/dailypriceup/data/daily_shorts_lowest.png
Today is Monday, using BGM: TechLive.mp3
Image saved to /Users/smithkwon/.openclaw/workspace/dailypriceup/data/daily_shorts_top10.png
Generating 16-second Shorts video (including Top 10)...
Video generation complete: daily_shorts_final.mp4
Starting YouTube upload at Mon Jun 15 08:11:00 KST 2026
/Users/smithkwon/Library/Python/3.9/lib/python/site-packages/google/api_core/_python_version_support.py:242: FutureWarning: You are using a non-supported Python version (3.9.6). Google will not post any further updates to google.api_core supporting this Python version. Please upgrade to the latest Python version, or at least Python 3.10, and then update google.api_core.
  warnings.warn(message, FutureWarning)
/Users/smithkwon/Library/Python/3.9/lib/python/site-packages/google/auth/__init__.py:54: FutureWarning: You are using a Python version 3.9 past its end of life. Google will update google-auth with critical bug fixes on a best-effort basis, but not with any other fixes or features. Please upgrade your Python version, and then update google-auth.
  warnings.warn(eol_message.format("3.9"), FutureWarning)
/Users/smithkwon/Library/Python/3.9/lib/python/site-packages/google/oauth2/__init__.py:40: FutureWarning: You are using a Python version 3.9 past its end of life. Google will update google-auth with critical bug fixes on a best-effort basis, but not with any other fixes or features. Please upgrade your Python version, and then update google-auth.
  warnings.warn(eol_message.format("3.9"), FutureWarning)
/Users/smithkwon/Library/Python/3.9/lib/python/site-packages/urllib3/__init__.py:35: NotOpenSSLWarning: urllib3 v2 only supports OpenSSL 1.1.1+, currently the 'ssl' module is compiled with 'LibreSSL 2.8.3'. See: https://github.com/urllib3/urllib3/issues/3020
  warnings.warn(
Uploading video to YouTube...
=== Upload Complete! ===
Video ID: QfYULLcwm1Y
URL: https://youtu.be/QfYULLcwm1Y
All tasks completed successfully at Mon Jun 15 08:11:05 KST 2026
Starting daily price check and video generation at Tue Jun 16 08:10:00 KST 2026
/Users/smithkwon/Library/Python/3.9/lib/python/site-packages/urllib3/__init__.py:35: NotOpenSSLWarning: urllib3 v2 only supports OpenSSL 1.1.1+, currently the 'ssl' module is compiled with 'LibreSSL 2.8.3'. See: https://github.com/urllib3/urllib3/issues/3020
  warnings.warn(
Fetching latest data from API...
Found 0 newly updated records.
No file found at /Users/smithkwon/.openclaw/workspace/dailypriceup/data/new_trade_2026_06_16.json; no new_trades to process.
No ATH file found at /Users/smithkwon/.openclaw/workspace/dailypriceup/data/ath_list_2026_06_16.json; no ATH records to process.
No ATH records found.
Image saved to /Users/smithkwon/.openclaw/workspace/dailypriceup/data/daily_shorts_rate.png
Image saved to /Users/smithkwon/.openclaw/workspace/dailypriceup/data/daily_shorts_amount.png
Image saved to /Users/smithkwon/.openclaw/workspace/dailypriceup/data/daily_shorts_lowest.png
Today is Tuesday, using BGM: Tuesday.mp3
Image saved to /Users/smithkwon/.openclaw/workspace/dailypriceup/data/daily_shorts_top10.png
Generating 16-second Shorts video (including Top 10)...
Video generation complete: daily_shorts_final.mp4
Starting YouTube upload at Tue Jun 16 08:18:53 KST 2026
/Users/smithkwon/Library/Python/3.9/lib/python/site-packages/google/api_core/_python_version_support.py:242: FutureWarning: You are using a non-supported Python version (3.9.6). Google will not post any further updates to google.api_core supporting this Python version. Please upgrade to the latest Python version, or at least Python 3.10, and then update google.api_core.
  warnings.warn(message, FutureWarning)
/Users/smithkwon/Library/Python/3.9/lib/python/site-packages/google/auth/__init__.py:54: FutureWarning: You are using a Python version 3.9 past its end of life. Google will update google-auth with critical bug fixes on a best-effort basis, but not with any other fixes or features. Please upgrade your Python version, and then update google-auth.
  warnings.warn(eol_message.format("3.9"), FutureWarning)
/Users/smithkwon/Library/Python/3.9/lib/python/site-packages/google/oauth2/__init__.py:40: FutureWarning: You are using a Python version 3.9 past its end of life. Google will update google-auth with critical bug fixes on a best-effort basis, but not with any other fixes or features. Please upgrade your Python version, and then update google-auth.
  warnings.warn(eol_message.format("3.9"), FutureWarning)
/Users/smithkwon/Library/Python/3.9/lib/python/site-packages/urllib3/__init__.py:35: NotOpenSSLWarning: urllib3 v2 only supports OpenSSL 1.1.1+, currently the 'ssl' module is compiled with 'LibreSSL 2.8.3'. See: https://github.com/urllib3/urllib3/issues/3020
  warnings.warn(
Uploading video to YouTube...
=== Upload Complete! ===
Video ID: zmfGnD2XCzM
URL: https://youtu.be/zmfGnD2XCzM
All tasks completed successfully at Tue Jun 16 08:18:58 KST 2026
Starting daily price check and video generation at Wed Jun 17 08:10:00 KST 2026
/Users/smithkwon/Library/Python/3.9/lib/python/site-packages/urllib3/__init__.py:35: NotOpenSSLWarning: urllib3 v2 only supports OpenSSL 1.1.1+, currently the 'ssl' module is compiled with 'LibreSSL 2.8.3'. See: https://github.com/urllib3/urllib3/issues/3020
  warnings.warn(
Fetching latest data from API...
Found 0 newly updated records.
No file found at /Users/smithkwon/.openclaw/workspace/dailypriceup/data/new_trade_2026_06_17.json; no new_trades to process.
No ATH file found at /Users/smithkwon/.openclaw/workspace/dailypriceup/data/ath_list_2026_06_17.json; no ATH records to process.
No ATH records found.
Image saved to /Users/smithkwon/.openclaw/workspace/dailypriceup/data/daily_shorts_rate.png
Image saved to /Users/smithkwon/.openclaw/workspace/dailypriceup/data/daily_shorts_amount.png
Image saved to /Users/smithkwon/.openclaw/workspace/dailypriceup/data/daily_shorts_lowest.png
Today is Wednesday, using BGM: Wednesday.mp3
Image saved to /Users/smithkwon/.openclaw/workspace/dailypriceup/data/daily_shorts_top10.png
Generating 16-second Shorts video (including Top 10)...
Video generation complete: daily_shorts_final.mp4
Starting YouTube upload at Wed Jun 17 08:18:55 KST 2026
/Users/smithkwon/Library/Python/3.9/lib/python/site-packages/google/api_core/_python_version_support.py:242: FutureWarning: You are using a non-supported Python version (3.9.6). Google will not post any further updates to google.api_core supporting this Python version. Please upgrade to the latest Python version, or at least Python 3.10, and then update google.api_core.
  warnings.warn(message, FutureWarning)
/Users/smithkwon/Library/Python/3.9/lib/python/site-packages/google/auth/__init__.py:54: FutureWarning: You are using a Python version 3.9 past its end of life. Google will update google-auth with critical bug fixes on a best-effort basis, but not with any other fixes or features. Please upgrade your Python version, and then update google-auth.
  warnings.warn(eol_message.format("3.9"), FutureWarning)
/Users/smithkwon/Library/Python/3.9/lib/python/site-packages/google/oauth2/__init__.py:40: FutureWarning: You are using a Python version 3.9 past its end of life. Google will update google-auth with critical bug fixes on a best-effort basis, but not with any other fixes or features. Please upgrade your Python version, and then update google-auth.
  warnings.warn(eol_message.format("3.9"), FutureWarning)
/Users/smithkwon/Library/Python/3.9/lib/python/site-packages/urllib3/__init__.py:35: NotOpenSSLWarning: urllib3 v2 only supports OpenSSL 1.1.1+, currently the 'ssl' module is compiled with 'LibreSSL 2.8.3'. See: https://github.com/urllib3/urllib3/issues/3020
  warnings.warn(
Uploading video to YouTube...
=== Upload Complete! ===
Video ID: 6CgvGzOfbFs
URL: https://youtu.be/6CgvGzOfbFs
All tasks completed successfully at Wed Jun 17 08:18:59 KST 2026
Starting daily price check and video generation at Thu Jun 18 08:10:01 KST 2026
/Users/smithkwon/Library/Python/3.9/lib/python/site-packages/urllib3/__init__.py:35: NotOpenSSLWarning: urllib3 v2 only supports OpenSSL 1.1.1+, currently the 'ssl' module is compiled with 'LibreSSL 2.8.3'. See: https://github.com/urllib3/urllib3/issues/3020
  warnings.warn(
Fetching latest data from API...
Found 9509 records from data base.
Found 338 newly updated records.
Saved 9509 all trades to /Users/smithkwon/.openclaw/workspace/dailypriceup/data/daily_lists/all_trade_2026_06_18.json
Saved 338 new trades to /Users/smithkwon/.openclaw/workspace/dailypriceup/data/daily_lists/new_trade_2026_06_18.json
Saved 103 ATH records to /Users/smithkwon/.openclaw/workspace/dailypriceup/data/daily_lists/ath_list_2026_06_18.json
Inserted 338 records into DB. Found 103 ATH records.
Image saved to /Users/smithkwon/.openclaw/workspace/dailypriceup/data/daily_shorts_rate.png
Image saved to /Users/smithkwon/.openclaw/workspace/dailypriceup/data/daily_shorts_amount.png
Image saved to /Users/smithkwon/.openclaw/workspace/dailypriceup/data/daily_shorts_lowest.png
Today is Thursday, using BGM: Thursday.mp3
Image saved to /Users/smithkwon/.openclaw/workspace/dailypriceup/data/daily_shorts_top10.png
Generating 16-second Shorts video (including Top 10)...
Video generation complete: daily_shorts_final.mp4
Starting YouTube upload at Thu Jun 18 08:10:40 KST 2026
/Users/smithkwon/Library/Python/3.9/lib/python/site-packages/google/api_core/_python_version_support.py:242: FutureWarning: You are using a non-supported Python version (3.9.6). Google will not post any further updates to google.api_core supporting this Python version. Please upgrade to the latest Python version, or at least Python 3.10, and then update google.api_core.
  warnings.warn(message, FutureWarning)
/Users/smithkwon/Library/Python/3.9/lib/python/site-packages/google/auth/__init__.py:54: FutureWarning: You are using a Python version 3.9 past its end of life. Google will update google-auth with critical bug fixes on a best-effort basis, but not with any other fixes or features. Please upgrade your Python version, and then update google-auth.
  warnings.warn(eol_message.format("3.9"), FutureWarning)
/Users/smithkwon/Library/Python/3.9/lib/python/site-packages/google/oauth2/__init__.py:40: FutureWarning: You are using a Python version 3.9 past its end of life. Google will update google-auth with critical bug fixes on a best-effort basis, but not with any other fixes or features. Please upgrade your Python version, and then update google-auth.
  warnings.warn(eol_message.format("3.9"), FutureWarning)
/Users/smithkwon/Library/Python/3.9/lib/python/site-packages/urllib3/__init__.py:35: NotOpenSSLWarning: urllib3 v2 only supports OpenSSL 1.1.1+, currently the 'ssl' module is compiled with 'LibreSSL 2.8.3'. See: https://github.com/urllib3/urllib3/issues/3020
  warnings.warn(
Uploading video to YouTube...
=== Upload Complete! ===
Video ID: MlSzSW88hqw
URL: https://youtu.be/MlSzSW88hqw
All tasks completed successfully at Thu Jun 18 08:10:44 KST 2026
Starting daily price check and video generation at Fri Jun 19 08:10:00 KST 2026
/Users/smithkwon/Library/Python/3.9/lib/python/site-packages/urllib3/__init__.py:35: NotOpenSSLWarning: urllib3 v2 only supports OpenSSL 1.1.1+, currently the 'ssl' module is compiled with 'LibreSSL 2.8.3'. See: https://github.com/urllib3/urllib3/issues/3020
  warnings.warn(
Fetching latest data from API...
Found 9818 records from data base.
Found 307 newly updated records.
Saved 9818 all trades to /Users/smithkwon/.openclaw/workspace/dailypriceup/data/daily_lists/all_trade_2026_06_19.json
Saved 307 new trades to /Users/smithkwon/.openclaw/workspace/dailypriceup/data/daily_lists/new_trade_2026_06_19.json
Saved 80 ATH records to /Users/smithkwon/.openclaw/workspace/dailypriceup/data/daily_lists/ath_list_2026_06_19.json
Inserted 307 records into DB. Found 80 ATH records.
Image saved to /Users/smithkwon/.openclaw/workspace/dailypriceup/data/daily_shorts_rate.png
Image saved to /Users/smithkwon/.openclaw/workspace/dailypriceup/data/daily_shorts_amount.png
Image saved to /Users/smithkwon/.openclaw/workspace/dailypriceup/data/daily_shorts_lowest.png
Today is Friday, using BGM: Friday.mp3
Image saved to /Users/smithkwon/.openclaw/workspace/dailypriceup/data/daily_shorts_top10.png
Generating 16-second Shorts video (including Top 10)...
Video generation complete: daily_shorts_final.mp4
Starting YouTube upload at Fri Jun 19 08:10:46 KST 2026
/Users/smithkwon/Library/Python/3.9/lib/python/site-packages/google/api_core/_python_version_support.py:242: FutureWarning: You are using a non-supported Python version (3.9.6). Google will not post any further updates to google.api_core supporting this Python version. Please upgrade to the latest Python version, or at least Python 3.10, and then update google.api_core.
  warnings.warn(message, FutureWarning)
/Users/smithkwon/Library/Python/3.9/lib/python/site-packages/google/auth/__init__.py:54: FutureWarning: You are using a Python version 3.9 past its end of life. Google will update google-auth with critical bug fixes on a best-effort basis, but not with any other fixes or features. Please upgrade your Python version, and then update google-auth.
  warnings.warn(eol_message.format("3.9"), FutureWarning)
/Users/smithkwon/Library/Python/3.9/lib/python/site-packages/google/oauth2/__init__.py:40: FutureWarning: You are using a Python version 3.9 past its end of life. Google will update google-auth with critical bug fixes on a best-effort basis, but not with any other fixes or features. Please upgrade your Python version, and then update google-auth.
  warnings.warn(eol_message.format("3.9"), FutureWarning)
/Users/smithkwon/Library/Python/3.9/lib/python/site-packages/urllib3/__init__.py:35: NotOpenSSLWarning: urllib3 v2 only supports OpenSSL 1.1.1+, currently the 'ssl' module is compiled with 'LibreSSL 2.8.3'. See: https://github.com/urllib3/urllib3/issues/3020
  warnings.warn(
Uploading video to YouTube...
=== Upload Complete! ===
Video ID: CzGoKTrvnps
URL: https://youtu.be/CzGoKTrvnps
All tasks completed successfully at Fri Jun 19 08:10:51 KST 2026
Starting daily price check and video generation at Sat Jun 20 08:10:01 KST 2026
/Users/smithkwon/Library/Python/3.9/lib/python/site-packages/urllib3/__init__.py:35: NotOpenSSLWarning: urllib3 v2 only supports OpenSSL 1.1.1+, currently the 'ssl' module is compiled with 'LibreSSL 2.8.3'. See: https://github.com/urllib3/urllib3/issues/3020
  warnings.warn(
Fetching latest data from API...
Found 10139 records from data base.
Found 319 newly updated records.
Saved 10139 all trades to /Users/smithkwon/.openclaw/workspace/dailypriceup/data/daily_lists/all_trade_2026_06_20.json
Saved 319 new trades to /Users/smithkwon/.openclaw/workspace/dailypriceup/data/daily_lists/new_trade_2026_06_20.json
Saved 98 ATH records to /Users/smithkwon/.openclaw/workspace/dailypriceup/data/daily_lists/ath_list_2026_06_20.json
Inserted 319 records into DB. Found 98 ATH records.
Image saved to /Users/smithkwon/.openclaw/workspace/dailypriceup/data/daily_shorts_rate.png
Image saved to /Users/smithkwon/.openclaw/workspace/dailypriceup/data/daily_shorts_amount.png
Image saved to /Users/smithkwon/.openclaw/workspace/dailypriceup/data/daily_shorts_lowest.png
Today is Saturday, using BGM: Saturday.mp3
Image saved to /Users/smithkwon/.openclaw/workspace/dailypriceup/data/daily_shorts_top10.png
Generating 16-second Shorts video (including Top 10)...
Video generation complete: daily_shorts_final.mp4
Starting YouTube upload at Sat Jun 20 08:11:13 KST 2026
/Users/smithkwon/Library/Python/3.9/lib/python/site-packages/google/api_core/_python_version_support.py:242: FutureWarning: You are using a non-supported Python version (3.9.6). Google will not post any further updates to google.api_core supporting this Python version. Please upgrade to the latest Python version, or at least Python 3.10, and then update google.api_core.
  warnings.warn(message, FutureWarning)
/Users/smithkwon/Library/Python/3.9/lib/python/site-packages/google/auth/__init__.py:54: FutureWarning: You are using a Python version 3.9 past its end of life. Google will update google-auth with critical bug fixes on a best-effort basis, but not with any other fixes or features. Please upgrade your Python version, and then update google-auth.
  warnings.warn(eol_message.format("3.9"), FutureWarning)
/Users/smithkwon/Library/Python/3.9/lib/python/site-packages/google/oauth2/__init__.py:40: FutureWarning: You are using a Python version 3.9 past its end of life. Google will update google-auth with critical bug fixes on a best-effort basis, but not with any other fixes or features. Please upgrade your Python version, and then update google-auth.
  warnings.warn(eol_message.format("3.9"), FutureWarning)
/Users/smithkwon/Library/Python/3.9/lib/python/site-packages/urllib3/__init__.py:35: NotOpenSSLWarning: urllib3 v2 only supports OpenSSL 1.1.1+, currently the 'ssl' module is compiled with 'LibreSSL 2.8.3'. See: https://github.com/urllib3/urllib3/issues/3020
  warnings.warn(
Uploading video to YouTube...
=== Upload Complete! ===
Video ID: kvuySxvXTQk
URL: https://youtu.be/kvuySxvXTQk
All tasks completed successfully at Sat Jun 20 08:11:18 KST 2026
Starting daily price check and video generation at Sun Jun 21 08:10:01 KST 2026
/Users/smithkwon/Library/Python/3.9/lib/python/site-packages/urllib3/__init__.py:35: NotOpenSSLWarning: urllib3 v2 only supports OpenSSL 1.1.1+, currently the 'ssl' module is compiled with 'LibreSSL 2.8.3'. See: https://github.com/urllib3/urllib3/issues/3020
  warnings.warn(
Fetching latest data from API...
Found 10158 records from data base.
Found 21 newly updated records.
Saved 10158 all trades to /Users/smithkwon/.openclaw/workspace/dailypriceup/data/daily_lists/all_trade_2026_06_21.json
Saved 21 new trades to /Users/smithkwon/.openclaw/workspace/dailypriceup/data/daily_lists/new_trade_2026_06_21.json
Saved 7 ATH records to /Users/smithkwon/.openclaw/workspace/dailypriceup/data/daily_lists/ath_list_2026_06_21.json
Inserted 21 records into DB. Found 7 ATH records.
Image saved to /Users/smithkwon/.openclaw/workspace/dailypriceup/data/daily_shorts_rate.png
Image saved to /Users/smithkwon/.openclaw/workspace/dailypriceup/data/daily_shorts_amount.png
Image saved to /Users/smithkwon/.openclaw/workspace/dailypriceup/data/daily_shorts_lowest.png
Today is Sunday, using BGM: Sunday.mp3
Image saved to /Users/smithkwon/.openclaw/workspace/dailypriceup/data/daily_shorts_top10.png
Generating 16-second Shorts video (including Top 10)...
Video generation complete: daily_shorts_final.mp4
Starting YouTube upload at Sun Jun 21 08:11:23 KST 2026
/Users/smithkwon/Library/Python/3.9/lib/python/site-packages/google/api_core/_python_version_support.py:242: FutureWarning: You are using a non-supported Python version (3.9.6). Google will not post any further updates to google.api_core supporting this Python version. Please upgrade to the latest Python version, or at least Python 3.10, and then update google.api_core.
  warnings.warn(message, FutureWarning)
/Users/smithkwon/Library/Python/3.9/lib/python/site-packages/google/auth/__init__.py:54: FutureWarning: You are using a Python version 3.9 past its end of life. Google will update google-auth with critical bug fixes on a best-effort basis, but not with any other fixes or features. Please upgrade your Python version, and then update google-auth.
  warnings.warn(eol_message.format("3.9"), FutureWarning)
/Users/smithkwon/Library/Python/3.9/lib/python/site-packages/google/oauth2/__init__.py:40: FutureWarning: You are using a Python version 3.9 past its end of life. Google will update google-auth with critical bug fixes on a best-effort basis, but not with any other fixes or features. Please upgrade your Python version, and then update google-auth.
  warnings.warn(eol_message.format("3.9"), FutureWarning)
/Users/smithkwon/Library/Python/3.9/lib/python/site-packages/urllib3/__init__.py:35: NotOpenSSLWarning: urllib3 v2 only supports OpenSSL 1.1.1+, currently the 'ssl' module is compiled with 'LibreSSL 2.8.3'. See: https://github.com/urllib3/urllib3/issues/3020
  warnings.warn(
Uploading video to YouTube...
=== Upload Complete! ===
Video ID: C4Bz5CgSOLw
URL: https://youtu.be/C4Bz5CgSOLw
All tasks completed successfully at Sun Jun 21 08:11:27 KST 2026
Starting daily price check and video generation at Mon Jun 22 08:10:00 KST 2026
/Users/smithkwon/Library/Python/3.9/lib/python/site-packages/urllib3/__init__.py:35: NotOpenSSLWarning: urllib3 v2 only supports OpenSSL 1.1.1+, currently the 'ssl' module is compiled with 'LibreSSL 2.8.3'. See: https://github.com/urllib3/urllib3/issues/3020
  warnings.warn(
Fetching latest data from API...
Found 10161 records from data base.
Found 3 newly updated records.
Saved 10161 all trades to /Users/smithkwon/.openclaw/workspace/dailypriceup/data/daily_lists/all_trade_2026_06_22.json
Saved 3 new trades to /Users/smithkwon/.openclaw/workspace/dailypriceup/data/daily_lists/new_trade_2026_06_22.json
Saved 2 ATH records to /Users/smithkwon/.openclaw/workspace/dailypriceup/data/daily_lists/ath_list_2026_06_22.json
Inserted 3 records into DB. Found 2 ATH records.
Image saved to /Users/smithkwon/.openclaw/workspace/dailypriceup/data/daily_shorts_rate.png
Image saved to /Users/smithkwon/.openclaw/workspace/dailypriceup/data/daily_shorts_amount.png
Image saved to /Users/smithkwon/.openclaw/workspace/dailypriceup/data/daily_shorts_lowest.png
Today is Monday, using BGM: TechLive.mp3
Image saved to /Users/smithkwon/.openclaw/workspace/dailypriceup/data/daily_shorts_top10.png
Generating 16-second Shorts video (including Top 10)...
Video generation complete: daily_shorts_final.mp4
Starting YouTube upload at Mon Jun 22 08:10:43 KST 2026
/Users/smithkwon/Library/Python/3.9/lib/python/site-packages/google/api_core/_python_version_support.py:242: FutureWarning: You are using a non-supported Python version (3.9.6). Google will not post any further updates to google.api_core supporting this Python version. Please upgrade to the latest Python version, or at least Python 3.10, and then update google.api_core.
  warnings.warn(message, FutureWarning)
/Users/smithkwon/Library/Python/3.9/lib/python/site-packages/google/auth/__init__.py:54: FutureWarning: You are using a Python version 3.9 past its end of life. Google will update google-auth with critical bug fixes on a best-effort basis, but not with any other fixes or features. Please upgrade your Python version, and then update google-auth.
  warnings.warn(eol_message.format("3.9"), FutureWarning)
/Users/smithkwon/Library/Python/3.9/lib/python/site-packages/google/oauth2/__init__.py:40: FutureWarning: You are using a Python version 3.9 past its end of life. Google will update google-auth with critical bug fixes on a best-effort basis, but not with any other fixes or features. Please upgrade your Python version, and then update google-auth.
  warnings.warn(eol_message.format("3.9"), FutureWarning)
/Users/smithkwon/Library/Python/3.9/lib/python/site-packages/urllib3/__init__.py:35: NotOpenSSLWarning: urllib3 v2 only supports OpenSSL 1.1.1+, currently the 'ssl' module is compiled with 'LibreSSL 2.8.3'. See: https://github.com/urllib3/urllib3/issues/3020
  warnings.warn(
Uploading video to YouTube...
=== Upload Complete! ===
Video ID: J28OUG5C-tE
URL: https://youtu.be/J28OUG5C-tE
All tasks completed successfully at Mon Jun 22 08:10:47 KST 2026
Starting daily price check and video generation at Tue Jun 23 08:10:01 KST 2026
/Users/smithkwon/Library/Python/3.9/lib/python/site-packages/urllib3/__init__.py:35: NotOpenSSLWarning: urllib3 v2 only supports OpenSSL 1.1.1+, currently the 'ssl' module is compiled with 'LibreSSL 2.8.3'. See: https://github.com/urllib3/urllib3/issues/3020
  warnings.warn(
Fetching latest data from API...
Found 10565 records from data base.
Found 397 newly updated records.
Saved 10565 all trades to /Users/smithkwon/.openclaw/workspace/dailypriceup/data/daily_lists/all_trade_2026_06_23.json
Saved 397 new trades to /Users/smithkwon/.openclaw/workspace/dailypriceup/data/daily_lists/new_trade_2026_06_23.json
Saved 103 ATH records to /Users/smithkwon/.openclaw/workspace/dailypriceup/data/daily_lists/ath_list_2026_06_23.json
Inserted 397 records into DB. Found 103 ATH records.
Image saved to /Users/smithkwon/.openclaw/workspace/dailypriceup/data/daily_shorts_rate.png
Image saved to /Users/smithkwon/.openclaw/workspace/dailypriceup/data/daily_shorts_amount.png
Image saved to /Users/smithkwon/.openclaw/workspace/dailypriceup/data/daily_shorts_lowest.png
Today is Tuesday, using BGM: Tuesday.mp3
Image saved to /Users/smithkwon/.openclaw/workspace/dailypriceup/data/daily_shorts_top10.png
Generating 16-second Shorts video (including Top 10)...
Video generation complete: daily_shorts_final.mp4
Starting YouTube upload at Tue Jun 23 08:11:45 KST 2026
/Users/smithkwon/Library/Python/3.9/lib/python/site-packages/google/api_core/_python_version_support.py:242: FutureWarning: You are using a non-supported Python version (3.9.6). Google will not post any further updates to google.api_core supporting this Python version. Please upgrade to the latest Python version, or at least Python 3.10, and then update google.api_core.
  warnings.warn(message, FutureWarning)
/Users/smithkwon/Library/Python/3.9/lib/python/site-packages/google/auth/__init__.py:54: FutureWarning: You are using a Python version 3.9 past its end of life. Google will update google-auth with critical bug fixes on a best-effort basis, but not with any other fixes or features. Please upgrade your Python version, and then update google-auth.
  warnings.warn(eol_message.format("3.9"), FutureWarning)
/Users/smithkwon/Library/Python/3.9/lib/python/site-packages/google/oauth2/__init__.py:40: FutureWarning: You are using a Python version 3.9 past its end of life. Google will update google-auth with critical bug fixes on a best-effort basis, but not with any other fixes or features. Please upgrade your Python version, and then update google-auth.
  warnings.warn(eol_message.format("3.9"), FutureWarning)
/Users/smithkwon/Library/Python/3.9/lib/python/site-packages/urllib3/__init__.py:35: NotOpenSSLWarning: urllib3 v2 only supports OpenSSL 1.1.1+, currently the 'ssl' module is compiled with 'LibreSSL 2.8.3'. See: https://github.com/urllib3/urllib3/issues/3020
  warnings.warn(
Uploading video to YouTube...
=== Upload Complete! ===
Video ID: gyBBu0CVeGM
URL: https://youtu.be/gyBBu0CVeGM
All tasks completed successfully at Tue Jun 23 08:11:50 KST 2026
Starting daily price check and video generation at Wed Jun 24 08:10:01 KST 2026
/Users/smithkwon/Library/Python/3.9/lib/python/site-packages/urllib3/__init__.py:35: NotOpenSSLWarning: urllib3 v2 only supports OpenSSL 1.1.1+, currently the 'ssl' module is compiled with 'LibreSSL 2.8.3'. See: https://github.com/urllib3/urllib3/issues/3020
  warnings.warn(
Fetching latest data from API...
Found 10928 records from data base.
Found 357 newly updated records.
Saved 10928 all trades to /Users/smithkwon/.openclaw/workspace/dailypriceup/data/daily_lists/all_trade_2026_06_24.json
Saved 357 new trades to /Users/smithkwon/.openclaw/workspace/dailypriceup/data/daily_lists/new_trade_2026_06_24.json
Saved 108 ATH records to /Users/smithkwon/.openclaw/workspace/dailypriceup/data/daily_lists/ath_list_2026_06_24.json
Inserted 357 records into DB. Found 108 ATH records.
Image saved to /Users/smithkwon/.openclaw/workspace/dailypriceup/data/daily_shorts_rate.png
Image saved to /Users/smithkwon/.openclaw/workspace/dailypriceup/data/daily_shorts_amount.png
Image saved to /Users/smithkwon/.openclaw/workspace/dailypriceup/data/daily_shorts_lowest.png
Today is Wednesday, using BGM: Wednesday.mp3
Image saved to /Users/smithkwon/.openclaw/workspace/dailypriceup/data/daily_shorts_top10.png
Generating 16-second Shorts video (including Top 10)...
Video generation complete: daily_shorts_final.mp4
Starting YouTube upload at Wed Jun 24 08:11:48 KST 2026
/Users/smithkwon/Library/Python/3.9/lib/python/site-packages/google/api_core/_python_version_support.py:242: FutureWarning: You are using a non-supported Python version (3.9.6). Google will not post any further updates to google.api_core supporting this Python version. Please upgrade to the latest Python version, or at least Python 3.10, and then update google.api_core.
  warnings.warn(message, FutureWarning)
/Users/smithkwon/Library/Python/3.9/lib/python/site-packages/google/auth/__init__.py:54: FutureWarning: You are using a Python version 3.9 past its end of life. Google will update google-auth with critical bug fixes on a best-effort basis, but not with any other fixes or features. Please upgrade your Python version, and then update google-auth.
  warnings.warn(eol_message.format("3.9"), FutureWarning)
/Users/smithkwon/Library/Python/3.9/lib/python/site-packages/google/oauth2/__init__.py:40: FutureWarning: You are using a Python version 3.9 past its end of life. Google will update google-auth with critical bug fixes on a best-effort basis, but not with any other fixes or features. Please upgrade your Python version, and then update google-auth.
  warnings.warn(eol_message.format("3.9"), FutureWarning)
/Users/smithkwon/Library/Python/3.9/lib/python/site-packages/urllib3/__init__.py:35: NotOpenSSLWarning: urllib3 v2 only supports OpenSSL 1.1.1+, currently the 'ssl' module is compiled with 'LibreSSL 2.8.3'. See: https://github.com/urllib3/urllib3/issues/3020
  warnings.warn(
Uploading video to YouTube...
=== Upload Complete! ===
Video ID: 0j4qtzUBeD0
URL: https://youtu.be/0j4qtzUBeD0
All tasks completed successfully at Wed Jun 24 08:11:54 KST 2026
Starting daily price check and video generation at Thu Jun 25 08:10:01 KST 2026
/Users/smithkwon/Library/Python/3.9/lib/python/site-packages/urllib3/__init__.py:35: NotOpenSSLWarning: urllib3 v2 only supports OpenSSL 1.1.1+, currently the 'ssl' module is compiled with 'LibreSSL 2.8.3'. See: https://github.com/urllib3/urllib3/issues/3020
  warnings.warn(
Fetching latest data from API...
Found 11265 records from data base.
Found 335 newly updated records.
Saved 11265 all trades to /Users/smithkwon/.openclaw/workspace/dailypriceup/data/daily_lists/all_trade_2026_06_25.json
Saved 335 new trades to /Users/smithkwon/.openclaw/workspace/dailypriceup/data/daily_lists/new_trade_2026_06_25.json
Saved 110 ATH records to /Users/smithkwon/.openclaw/workspace/dailypriceup/data/daily_lists/ath_list_2026_06_25.json
Inserted 335 records into DB. Found 110 ATH records.
Image saved to /Users/smithkwon/.openclaw/workspace/dailypriceup/data/daily_shorts_rate.png
Image saved to /Users/smithkwon/.openclaw/workspace/dailypriceup/data/daily_shorts_amount.png
Image saved to /Users/smithkwon/.openclaw/workspace/dailypriceup/data/daily_shorts_lowest.png
Today is Thursday, using BGM: Thursday.mp3
Image saved to /Users/smithkwon/.openclaw/workspace/dailypriceup/data/daily_shorts_top10.png
Generating 16-second Shorts video (including Top 10)...
Video generation complete: daily_shorts_final.mp4
Starting YouTube upload at Thu Jun 25 08:11:42 KST 2026
/Users/smithkwon/Library/Python/3.9/lib/python/site-packages/google/api_core/_python_version_support.py:242: FutureWarning: You are using a non-supported Python version (3.9.6). Google will not post any further updates to google.api_core supporting this Python version. Please upgrade to the latest Python version, or at least Python 3.10, and then update google.api_core.
  warnings.warn(message, FutureWarning)
/Users/smithkwon/Library/Python/3.9/lib/python/site-packages/google/auth/__init__.py:54: FutureWarning: You are using a Python version 3.9 past its end of life. Google will update google-auth with critical bug fixes on a best-effort basis, but not with any other fixes or features. Please upgrade your Python version, and then update google-auth.
  warnings.warn(eol_message.format("3.9"), FutureWarning)
/Users/smithkwon/Library/Python/3.9/lib/python/site-packages/google/oauth2/__init__.py:40: FutureWarning: You are using a Python version 3.9 past its end of life. Google will update google-auth with critical bug fixes on a best-effort basis, but not with any other fixes or features. Please upgrade your Python version, and then update google-auth.
  warnings.warn(eol_message.format("3.9"), FutureWarning)
/Users/smithkwon/Library/Python/3.9/lib/python/site-packages/urllib3/__init__.py:35: NotOpenSSLWarning: urllib3 v2 only supports OpenSSL 1.1.1+, currently the 'ssl' module is compiled with 'LibreSSL 2.8.3'. See: https://github.com/urllib3/urllib3/issues/3020
  warnings.warn(
Uploading video to YouTube...
=== Upload Complete! ===
Video ID: FeLrYw7YBBs
URL: https://youtu.be/FeLrYw7YBBs
All tasks completed successfully at Thu Jun 25 08:11:46 KST 2026
Starting daily price check and video generation at Fri Jun 26 08:10:01 KST 2026
/Users/smithkwon/Library/Python/3.9/lib/python/site-packages/urllib3/__init__.py:35: NotOpenSSLWarning: urllib3 v2 only supports OpenSSL 1.1.1+, currently the 'ssl' module is compiled with 'LibreSSL 2.8.3'. See: https://github.com/urllib3/urllib3/issues/3020
  warnings.warn(
Fetching latest data from API...
Found 11550 records from data base.
Found 281 newly updated records.
Saved 11550 all trades to /Users/smithkwon/.openclaw/workspace/dailypriceup/data/daily_lists/all_trade_2026_06_26.json
Saved 281 new trades to /Users/smithkwon/.openclaw/workspace/dailypriceup/data/daily_lists/new_trade_2026_06_26.json
Saved 99 ATH records to /Users/smithkwon/.openclaw/workspace/dailypriceup/data/daily_lists/ath_list_2026_06_26.json
Inserted 281 records into DB. Found 99 ATH records.
Image saved to /Users/smithkwon/.openclaw/workspace/dailypriceup/data/daily_shorts_rate.png
Image saved to /Users/smithkwon/.openclaw/workspace/dailypriceup/data/daily_shorts_amount.png
Image saved to /Users/smithkwon/.openclaw/workspace/dailypriceup/data/daily_shorts_lowest.png
Today is Friday, using BGM: Friday.mp3
Image saved to /Users/smithkwon/.openclaw/workspace/dailypriceup/data/daily_shorts_top10.png
Generating 16-second Shorts video (including Top 10)...
Video generation complete: daily_shorts_final.mp4
Starting YouTube upload at Fri Jun 26 08:11:25 KST 2026
/Users/smithkwon/Library/Python/3.9/lib/python/site-packages/google/api_core/_python_version_support.py:242: FutureWarning: You are using a non-supported Python version (3.9.6). Google will not post any further updates to google.api_core supporting this Python version. Please upgrade to the latest Python version, or at least Python 3.10, and then update google.api_core.
  warnings.warn(message, FutureWarning)
/Users/smithkwon/Library/Python/3.9/lib/python/site-packages/google/auth/__init__.py:54: FutureWarning: You are using a Python version 3.9 past its end of life. Google will update google-auth with critical bug fixes on a best-effort basis, but not with any other fixes or features. Please upgrade your Python version, and then update google-auth.
  warnings.warn(eol_message.format("3.9"), FutureWarning)
/Users/smithkwon/Library/Python/3.9/lib/python/site-packages/google/oauth2/__init__.py:40: FutureWarning: You are using a Python version 3.9 past its end of life. Google will update google-auth with critical bug fixes on a best-effort basis, but not with any other fixes or features. Please upgrade your Python version, and then update google-auth.
  warnings.warn(eol_message.format("3.9"), FutureWarning)
/Users/smithkwon/Library/Python/3.9/lib/python/site-packages/urllib3/__init__.py:35: NotOpenSSLWarning: urllib3 v2 only supports OpenSSL 1.1.1+, currently the 'ssl' module is compiled with 'LibreSSL 2.8.3'. See: https://github.com/urllib3/urllib3/issues/3020
  warnings.warn(
Uploading video to YouTube...
=== Upload Complete! ===
Video ID: RXQUt5h9AS4
URL: https://youtu.be/RXQUt5h9AS4
All tasks completed successfully at Fri Jun 26 08:11:29 KST 2026
Starting daily price check and video generation at Sat Jun 27 08:10:01 KST 2026
/Users/smithkwon/Library/Python/3.9/lib/python/site-packages/urllib3/__init__.py:35: NotOpenSSLWarning: urllib3 v2 only supports OpenSSL 1.1.1+, currently the 'ssl' module is compiled with 'LibreSSL 2.8.3'. See: https://github.com/urllib3/urllib3/issues/3020
  warnings.warn(
Fetching latest data from API...
Found 11838 records from data base.
Found 269 newly updated records.
Saved 11838 all trades to /Users/smithkwon/.openclaw/workspace/dailypriceup/data/daily_lists/all_trade_2026_06_27.json
Saved 269 new trades to /Users/smithkwon/.openclaw/workspace/dailypriceup/data/daily_lists/new_trade_2026_06_27.json
Saved 95 ATH records to /Users/smithkwon/.openclaw/workspace/dailypriceup/data/daily_lists/ath_list_2026_06_27.json
Inserted 269 records into DB. Found 95 ATH records.
Image saved to /Users/smithkwon/.openclaw/workspace/dailypriceup/data/daily_shorts_rate.png
Image saved to /Users/smithkwon/.openclaw/workspace/dailypriceup/data/daily_shorts_amount.png
Image saved to /Users/smithkwon/.openclaw/workspace/dailypriceup/data/daily_shorts_lowest.png
Today is Saturday, using BGM: Saturday.mp3
Image saved to /Users/smithkwon/.openclaw/workspace/dailypriceup/data/daily_shorts_top10.png
Generating 16-second Shorts video (including Top 10)...
Video generation complete: daily_shorts_final.mp4
Starting YouTube upload at Sat Jun 27 08:10:51 KST 2026
/Users/smithkwon/Library/Python/3.9/lib/python/site-packages/google/api_core/_python_version_support.py:242: FutureWarning: You are using a non-supported Python version (3.9.6). Google will not post any further updates to google.api_core supporting this Python version. Please upgrade to the latest Python version, or at least Python 3.10, and then update google.api_core.
  warnings.warn(message, FutureWarning)
/Users/smithkwon/Library/Python/3.9/lib/python/site-packages/google/auth/__init__.py:54: FutureWarning: You are using a Python version 3.9 past its end of life. Google will update google-auth with critical bug fixes on a best-effort basis, but not with any other fixes or features. Please upgrade your Python version, and then update google-auth.
  warnings.warn(eol_message.format("3.9"), FutureWarning)
/Users/smithkwon/Library/Python/3.9/lib/python/site-packages/google/oauth2/__init__.py:40: FutureWarning: You are using a Python version 3.9 past its end of life. Google will update google-auth with critical bug fixes on a best-effort basis, but not with any other fixes or features. Please upgrade your Python version, and then update google-auth.
  warnings.warn(eol_message.format("3.9"), FutureWarning)
/Users/smithkwon/Library/Python/3.9/lib/python/site-packages/urllib3/__init__.py:35: NotOpenSSLWarning: urllib3 v2 only supports OpenSSL 1.1.1+, currently the 'ssl' module is compiled with 'LibreSSL 2.8.3'. See: https://github.com/urllib3/urllib3/issues/3020
  warnings.warn(
Uploading video to YouTube...
=== Upload Complete! ===
Video ID: AMKaFOiJq2E
URL: https://youtu.be/AMKaFOiJq2E
All tasks completed successfully at Sat Jun 27 08:10:56 KST 2026
Starting daily price check and video generation at Sun Jun 28 08:10:00 KST 2026
/Users/smithkwon/Library/Python/3.9/lib/python/site-packages/urllib3/__init__.py:35: NotOpenSSLWarning: urllib3 v2 only supports OpenSSL 1.1.1+, currently the 'ssl' module is compiled with 'LibreSSL 2.8.3'. See: https://github.com/urllib3/urllib3/issues/3020
  warnings.warn(
Fetching latest data from API...
Found 11855 records from data base.
Found 18 newly updated records.
Saved 11855 all trades to /Users/smithkwon/.openclaw/workspace/dailypriceup/data/daily_lists/all_trade_2026_06_28.json
Saved 18 new trades to /Users/smithkwon/.openclaw/workspace/dailypriceup/data/daily_lists/new_trade_2026_06_28.json
Saved 9 ATH records to /Users/smithkwon/.openclaw/workspace/dailypriceup/data/daily_lists/ath_list_2026_06_28.json
Inserted 18 records into DB. Found 9 ATH records.
Image saved to /Users/smithkwon/.openclaw/workspace/dailypriceup/data/daily_shorts_rate.png
Image saved to /Users/smithkwon/.openclaw/workspace/dailypriceup/data/daily_shorts_amount.png
Image saved to /Users/smithkwon/.openclaw/workspace/dailypriceup/data/daily_shorts_lowest.png
Today is Sunday, using BGM: Sunday.mp3
Image saved to /Users/smithkwon/.openclaw/workspace/dailypriceup/data/daily_shorts_top10.png
Generating 16-second Shorts video (including Top 10)...
Video generation complete: daily_shorts_final.mp4
Starting YouTube upload at Sun Jun 28 08:10:59 KST 2026
/Users/smithkwon/Library/Python/3.9/lib/python/site-packages/google/api_core/_python_version_support.py:242: FutureWarning: You are using a non-supported Python version (3.9.6). Google will not post any further updates to google.api_core supporting this Python version. Please upgrade to the latest Python version, or at least Python 3.10, and then update google.api_core.
  warnings.warn(message, FutureWarning)
/Users/smithkwon/Library/Python/3.9/lib/python/site-packages/google/auth/__init__.py:54: FutureWarning: You are using a Python version 3.9 past its end of life. Google will update google-auth with critical bug fixes on a best-effort basis, but not with any other fixes or features. Please upgrade your Python version, and then update google-auth.
  warnings.warn(eol_message.format("3.9"), FutureWarning)
/Users/smithkwon/Library/Python/3.9/lib/python/site-packages/google/oauth2/__init__.py:40: FutureWarning: You are using a Python version 3.9 past its end of life. Google will update google-auth with critical bug fixes on a best-effort basis, but not with any other fixes or features. Please upgrade your Python version, and then update google-auth.
  warnings.warn(eol_message.format("3.9"), FutureWarning)
/Users/smithkwon/Library/Python/3.9/lib/python/site-packages/urllib3/__init__.py:35: NotOpenSSLWarning: urllib3 v2 only supports OpenSSL 1.1.1+, currently the 'ssl' module is compiled with 'LibreSSL 2.8.3'. See: https://github.com/urllib3/urllib3/issues/3020
  warnings.warn(
Uploading video to YouTube...
=== Upload Complete! ===
Video ID: UZFbFCbyhuw
URL: https://youtu.be/UZFbFCbyhuw
All tasks completed successfully at Sun Jun 28 08:11:03 KST 2026
Starting daily price check and video generation at Mon Jun 29 08:10:00 KST 2026
/Users/smithkwon/Library/Python/3.9/lib/python/site-packages/urllib3/__init__.py:35: NotOpenSSLWarning: urllib3 v2 only supports OpenSSL 1.1.1+, currently the 'ssl' module is compiled with 'LibreSSL 2.8.3'. See: https://github.com/urllib3/urllib3/issues/3020
  warnings.warn(
Fetching latest data from API...
Found 11864 records from data base.
Found 9 newly updated records.
Saved 11864 all trades to /Users/smithkwon/.openclaw/workspace/dailypriceup/data/daily_lists/all_trade_2026_06_29.json
Saved 9 new trades to /Users/smithkwon/.openclaw/workspace/dailypriceup/data/daily_lists/new_trade_2026_06_29.json
Saved 1 ATH records to /Users/smithkwon/.openclaw/workspace/dailypriceup/data/daily_lists/ath_list_2026_06_29.json
Inserted 9 records into DB. Found 1 ATH records.
Image saved to /Users/smithkwon/.openclaw/workspace/dailypriceup/data/daily_shorts_rate.png
Image saved to /Users/smithkwon/.openclaw/workspace/dailypriceup/data/daily_shorts_amount.png
Image saved to /Users/smithkwon/.openclaw/workspace/dailypriceup/data/daily_shorts_lowest.png
Today is Monday, using BGM: TechLive.mp3
Image saved to /Users/smithkwon/.openclaw/workspace/dailypriceup/data/daily_shorts_top10.png
Generating 16-second Shorts video (including Top 10)...
Video generation complete: daily_shorts_final.mp4
Starting YouTube upload at Mon Jun 29 08:11:12 KST 2026
/Users/smithkwon/Library/Python/3.9/lib/python/site-packages/google/api_core/_python_version_support.py:242: FutureWarning: You are using a non-supported Python version (3.9.6). Google will not post any further updates to google.api_core supporting this Python version. Please upgrade to the latest Python version, or at least Python 3.10, and then update google.api_core.
  warnings.warn(message, FutureWarning)
/Users/smithkwon/Library/Python/3.9/lib/python/site-packages/google/auth/__init__.py:54: FutureWarning: You are using a Python version 3.9 past its end of life. Google will update google-auth with critical bug fixes on a best-effort basis, but not with any other fixes or features. Please upgrade your Python version, and then update google-auth.
  warnings.warn(eol_message.format("3.9"), FutureWarning)
/Users/smithkwon/Library/Python/3.9/lib/python/site-packages/google/oauth2/__init__.py:40: FutureWarning: You are using a Python version 3.9 past its end of life. Google will update google-auth with critical bug fixes on a best-effort basis, but not with any other fixes or features. Please upgrade your Python version, and then update google-auth.
  warnings.warn(eol_message.format("3.9"), FutureWarning)
/Users/smithkwon/Library/Python/3.9/lib/python/site-packages/urllib3/__init__.py:35: NotOpenSSLWarning: urllib3 v2 only supports OpenSSL 1.1.1+, currently the 'ssl' module is compiled with 'LibreSSL 2.8.3'. See: https://github.com/urllib3/urllib3/issues/3020
  warnings.warn(
Uploading video to YouTube...
=== Upload Complete! ===
Video ID: 19W2Mkc13LE
URL: https://youtu.be/19W2Mkc13LE
All tasks completed successfully at Mon Jun 29 08:11:16 KST 2026
Starting daily price check and video generation at Tue Jun 30 08:10:01 KST 2026
/Users/smithkwon/Library/Python/3.9/lib/python/site-packages/urllib3/__init__.py:35: NotOpenSSLWarning: urllib3 v2 only supports OpenSSL 1.1.1+, currently the 'ssl' module is compiled with 'LibreSSL 2.8.3'. See: https://github.com/urllib3/urllib3/issues/3020
  warnings.warn(
Fetching latest data from API...
Found 12240 records from data base.
Found 370 newly updated records.
Saved 12240 all trades to /Users/smithkwon/.openclaw/workspace/dailypriceup/data/daily_lists/all_trade_2026_06_30.json
Saved 370 new trades to /Users/smithkwon/.openclaw/workspace/dailypriceup/data/daily_lists/new_trade_2026_06_30.json
Saved 128 ATH records to /Users/smithkwon/.openclaw/workspace/dailypriceup/data/daily_lists/ath_list_2026_06_30.json
Inserted 370 records into DB. Found 128 ATH records.
Image saved to /Users/smithkwon/.openclaw/workspace/dailypriceup/data/daily_shorts_rate.png
Image saved to /Users/smithkwon/.openclaw/workspace/dailypriceup/data/daily_shorts_amount.png
Image saved to /Users/smithkwon/.openclaw/workspace/dailypriceup/data/daily_shorts_lowest.png
Today is Tuesday, using BGM: Tuesday.mp3
Image saved to /Users/smithkwon/.openclaw/workspace/dailypriceup/data/daily_shorts_top10.png
Generating 16-second Shorts video (including Top 10)...
Video generation complete: daily_shorts_final.mp4
Starting YouTube upload at Tue Jun 30 08:11:36 KST 2026
/Users/smithkwon/Library/Python/3.9/lib/python/site-packages/google/api_core/_python_version_support.py:242: FutureWarning: You are using a non-supported Python version (3.9.6). Google will not post any further updates to google.api_core supporting this Python version. Please upgrade to the latest Python version, or at least Python 3.10, and then update google.api_core.
  warnings.warn(message, FutureWarning)
/Users/smithkwon/Library/Python/3.9/lib/python/site-packages/google/auth/__init__.py:54: FutureWarning: You are using a Python version 3.9 past its end of life. Google will update google-auth with critical bug fixes on a best-effort basis, but not with any other fixes or features. Please upgrade your Python version, and then update google-auth.
  warnings.warn(eol_message.format("3.9"), FutureWarning)
/Users/smithkwon/Library/Python/3.9/lib/python/site-packages/google/oauth2/__init__.py:40: FutureWarning: You are using a Python version 3.9 past its end of life. Google will update google-auth with critical bug fixes on a best-effort basis, but not with any other fixes or features. Please upgrade your Python version, and then update google-auth.
  warnings.warn(eol_message.format("3.9"), FutureWarning)
/Users/smithkwon/Library/Python/3.9/lib/python/site-packages/urllib3/__init__.py:35: NotOpenSSLWarning: urllib3 v2 only supports OpenSSL 1.1.1+, currently the 'ssl' module is compiled with 'LibreSSL 2.8.3'. See: https://github.com/urllib3/urllib3/issues/3020
  warnings.warn(
Uploading video to YouTube...
=== Upload Complete! ===
Video ID: 89DZyHh5sRs
URL: https://youtu.be/89DZyHh5sRs
All tasks completed successfully at Tue Jun 30 08:11:40 KST 2026
Starting daily price check and video generation at Wed Jul  1 08:10:00 KST 2026
/Users/smithkwon/Library/Python/3.9/lib/python/site-packages/urllib3/__init__.py:35: NotOpenSSLWarning: urllib3 v2 only supports OpenSSL 1.1.1+, currently the 'ssl' module is compiled with 'LibreSSL 2.8.3'. See: https://github.com/urllib3/urllib3/issues/3020
  warnings.warn(
Fetching latest data from API...
Found 3182 records from data base.
Found 237 newly updated records.
Saved 3182 all trades to /Users/smithkwon/.openclaw/workspace/dailypriceup/data/daily_lists/all_trade_2026_07_01.json
Saved 237 new trades to /Users/smithkwon/.openclaw/workspace/dailypriceup/data/daily_lists/new_trade_2026_07_01.json
Saved 72 ATH records to /Users/smithkwon/.openclaw/workspace/dailypriceup/data/daily_lists/ath_list_2026_07_01.json
Inserted 237 records into DB. Found 72 ATH records.
Image saved to /Users/smithkwon/.openclaw/workspace/dailypriceup/data/daily_shorts_rate.png
Image saved to /Users/smithkwon/.openclaw/workspace/dailypriceup/data/daily_shorts_amount.png
Image saved to /Users/smithkwon/.openclaw/workspace/dailypriceup/data/daily_shorts_lowest.png
Today is Wednesday, using BGM: Wednesday.mp3
Image saved to /Users/smithkwon/.openclaw/workspace/dailypriceup/data/daily_shorts_top10.png
Generating 16-second Shorts video (including Top 10)...
Video generation complete: daily_shorts_final.mp4
Starting YouTube upload at Wed Jul  1 08:13:14 KST 2026
/Users/smithkwon/Library/Python/3.9/lib/python/site-packages/google/api_core/_python_version_support.py:242: FutureWarning: You are using a non-supported Python version (3.9.6). Google will not post any further updates to google.api_core supporting this Python version. Please upgrade to the latest Python version, or at least Python 3.10, and then update google.api_core.
  warnings.warn(message, FutureWarning)
/Users/smithkwon/Library/Python/3.9/lib/python/site-packages/google/auth/__init__.py:54: FutureWarning: You are using a Python version 3.9 past its end of life. Google will update google-auth with critical bug fixes on a best-effort basis, but not with any other fixes or features. Please upgrade your Python version, and then update google-auth.
  warnings.warn(eol_message.format("3.9"), FutureWarning)
/Users/smithkwon/Library/Python/3.9/lib/python/site-packages/google/oauth2/__init__.py:40: FutureWarning: You are using a Python version 3.9 past its end of life. Google will update google-auth with critical bug fixes on a best-effort basis, but not with any other fixes or features. Please upgrade your Python version, and then update google-auth.
  warnings.warn(eol_message.format("3.9"), FutureWarning)
/Users/smithkwon/Library/Python/3.9/lib/python/site-packages/urllib3/__init__.py:35: NotOpenSSLWarning: urllib3 v2 only supports OpenSSL 1.1.1+, currently the 'ssl' module is compiled with 'LibreSSL 2.8.3'. See: https://github.com/urllib3/urllib3/issues/3020
  warnings.warn(
Uploading video to YouTube...
=== Upload Complete! ===
Video ID: Fe2itmXCGLA
URL: https://youtu.be/Fe2itmXCGLA
All tasks completed successfully at Wed Jul  1 08:13:19 KST 2026
Starting daily price check and video generation at Thu Jul  2 08:10:00 KST 2026
/Users/smithkwon/Library/Python/3.9/lib/python/site-packages/urllib3/__init__.py:35: NotOpenSSLWarning: urllib3 v2 only supports OpenSSL 1.1.1+, currently the 'ssl' module is compiled with 'LibreSSL 2.8.3'. See: https://github.com/urllib3/urllib3/issues/3020
  warnings.warn(
Fetching latest data from API...
Found 3394 records from data base.
Found 228 newly updated records.
Saved 3394 all trades to /Users/smithkwon/.openclaw/workspace/dailypriceup/data/daily_lists/all_trade_2026_07_02.json
Saved 228 new trades to /Users/smithkwon/.openclaw/workspace/dailypriceup/data/daily_lists/new_trade_2026_07_02.json
Saved 67 ATH records to /Users/smithkwon/.openclaw/workspace/dailypriceup/data/daily_lists/ath_list_2026_07_02.json
Inserted 228 records into DB. Found 67 ATH records.
Image saved to /Users/smithkwon/.openclaw/workspace/dailypriceup/data/daily_shorts_rate.png
Image saved to /Users/smithkwon/.openclaw/workspace/dailypriceup/data/daily_shorts_amount.png
Image saved to /Users/smithkwon/.openclaw/workspace/dailypriceup/data/daily_shorts_lowest.png
Today is Thursday, using BGM: Thursday.mp3
Image saved to /Users/smithkwon/.openclaw/workspace/dailypriceup/data/daily_shorts_top10.png
Generating 16-second Shorts video (including Top 10)...
Video generation complete: daily_shorts_final.mp4
Starting YouTube upload at Thu Jul  2 08:11:01 KST 2026
/Users/smithkwon/Library/Python/3.9/lib/python/site-packages/google/api_core/_python_version_support.py:242: FutureWarning: You are using a non-supported Python version (3.9.6). Google will not post any further updates to google.api_core supporting this Python version. Please upgrade to the latest Python version, or at least Python 3.10, and then update google.api_core.
  warnings.warn(message, FutureWarning)
/Users/smithkwon/Library/Python/3.9/lib/python/site-packages/google/auth/__init__.py:54: FutureWarning: You are using a Python version 3.9 past its end of life. Google will update google-auth with critical bug fixes on a best-effort basis, but not with any other fixes or features. Please upgrade your Python version, and then update google-auth.
  warnings.warn(eol_message.format("3.9"), FutureWarning)
/Users/smithkwon/Library/Python/3.9/lib/python/site-packages/google/oauth2/__init__.py:40: FutureWarning: You are using a Python version 3.9 past its end of life. Google will update google-auth with critical bug fixes on a best-effort basis, but not with any other fixes or features. Please upgrade your Python version, and then update google-auth.
  warnings.warn(eol_message.format("3.9"), FutureWarning)
/Users/smithkwon/Library/Python/3.9/lib/python/site-packages/urllib3/__init__.py:35: NotOpenSSLWarning: urllib3 v2 only supports OpenSSL 1.1.1+, currently the 'ssl' module is compiled with 'LibreSSL 2.8.3'. See: https://github.com/urllib3/urllib3/issues/3020
  warnings.warn(
Uploading video to YouTube...
=== Upload Complete! ===
Video ID: 8ggih_kCUac
URL: https://youtu.be/8ggih_kCUac
All tasks completed successfully at Thu Jul  2 08:11:05 KST 2026
Starting daily price check and video generation at Fri Jul  3 08:10:00 KST 2026
/Users/smithkwon/Library/Python/3.9/lib/python/site-packages/urllib3/__init__.py:35: NotOpenSSLWarning: urllib3 v2 only supports OpenSSL 1.1.1+, currently the 'ssl' module is compiled with 'LibreSSL 2.8.3'. See: https://github.com/urllib3/urllib3/issues/3020
  warnings.warn(
Fetching latest data from API...
Found 3669 records from data base.
Found 256 newly updated records.
Saved 3669 all trades to /Users/smithkwon/.openclaw/workspace/dailypriceup/data/daily_lists/all_trade_2026_07_03.json
Saved 256 new trades to /Users/smithkwon/.openclaw/workspace/dailypriceup/data/daily_lists/new_trade_2026_07_03.json
Saved 85 ATH records to /Users/smithkwon/.openclaw/workspace/dailypriceup/data/daily_lists/ath_list_2026_07_03.json
Inserted 256 records into DB. Found 85 ATH records.
Image saved to /Users/smithkwon/.openclaw/workspace/dailypriceup/data/daily_shorts_rate.png
Image saved to /Users/smithkwon/.openclaw/workspace/dailypriceup/data/daily_shorts_amount.png
Image saved to /Users/smithkwon/.openclaw/workspace/dailypriceup/data/daily_shorts_lowest.png
Today is Friday, using BGM: Friday.mp3
Image saved to /Users/smithkwon/.openclaw/workspace/dailypriceup/data/daily_shorts_top10.png
Generating 16-second Shorts video (including Top 10)...
Video generation complete: daily_shorts_final.mp4
Starting YouTube upload at Fri Jul  3 08:11:41 KST 2026
/Users/smithkwon/Library/Python/3.9/lib/python/site-packages/google/api_core/_python_version_support.py:242: FutureWarning: You are using a non-supported Python version (3.9.6). Google will not post any further updates to google.api_core supporting this Python version. Please upgrade to the latest Python version, or at least Python 3.10, and then update google.api_core.
  warnings.warn(message, FutureWarning)
/Users/smithkwon/Library/Python/3.9/lib/python/site-packages/google/auth/__init__.py:54: FutureWarning: You are using a Python version 3.9 past its end of life. Google will update google-auth with critical bug fixes on a best-effort basis, but not with any other fixes or features. Please upgrade your Python version, and then update google-auth.
  warnings.warn(eol_message.format("3.9"), FutureWarning)
/Users/smithkwon/Library/Python/3.9/lib/python/site-packages/google/oauth2/__init__.py:40: FutureWarning: You are using a Python version 3.9 past its end of life. Google will update google-auth with critical bug fixes on a best-effort basis, but not with any other fixes or features. Please upgrade your Python version, and then update google-auth.
  warnings.warn(eol_message.format("3.9"), FutureWarning)
/Users/smithkwon/Library/Python/3.9/lib/python/site-packages/urllib3/__init__.py:35: NotOpenSSLWarning: urllib3 v2 only supports OpenSSL 1.1.1+, currently the 'ssl' module is compiled with 'LibreSSL 2.8.3'. See: https://github.com/urllib3/urllib3/issues/3020
  warnings.warn(
Uploading video to YouTube...
=== Upload Complete! ===
Video ID: x7rZOACMQVU
URL: https://youtu.be/x7rZOACMQVU
All tasks completed successfully at Fri Jul  3 08:11:46 KST 2026
Starting daily price check and video generation at Sat Jul  4 08:10:00 KST 2026
/Users/smithkwon/Library/Python/3.9/lib/python/site-packages/urllib3/__init__.py:35: NotOpenSSLWarning: urllib3 v2 only supports OpenSSL 1.1.1+, currently the 'ssl' module is compiled with 'LibreSSL 2.8.3'. See: https://github.com/urllib3/urllib3/issues/3020
  warnings.warn(
Fetching latest data from API...
Found 3889 records from data base.
Found 219 newly updated records.
Saved 3889 all trades to /Users/smithkwon/.openclaw/workspace/dailypriceup/data/daily_lists/all_trade_2026_07_04.json
Saved 219 new trades to /Users/smithkwon/.openclaw/workspace/dailypriceup/data/daily_lists/new_trade_2026_07_04.json
Saved 77 ATH records to /Users/smithkwon/.openclaw/workspace/dailypriceup/data/daily_lists/ath_list_2026_07_04.json
Inserted 219 records into DB. Found 77 ATH records.
Image saved to /Users/smithkwon/.openclaw/workspace/dailypriceup/data/daily_shorts_rate.png
Image saved to /Users/smithkwon/.openclaw/workspace/dailypriceup/data/daily_shorts_amount.png
Image saved to /Users/smithkwon/.openclaw/workspace/dailypriceup/data/daily_shorts_lowest.png
Today is Saturday, using BGM: Saturday.mp3
Image saved to /Users/smithkwon/.openclaw/workspace/dailypriceup/data/daily_shorts_top10.png
Generating 16-second Shorts video (including Top 10)...
Video generation complete: daily_shorts_final.mp4
Starting YouTube upload at Sat Jul  4 08:11:23 KST 2026
/Users/smithkwon/Library/Python/3.9/lib/python/site-packages/google/api_core/_python_version_support.py:242: FutureWarning: You are using a non-supported Python version (3.9.6). Google will not post any further updates to google.api_core supporting this Python version. Please upgrade to the latest Python version, or at least Python 3.10, and then update google.api_core.
  warnings.warn(message, FutureWarning)
/Users/smithkwon/Library/Python/3.9/lib/python/site-packages/google/auth/__init__.py:54: FutureWarning: You are using a Python version 3.9 past its end of life. Google will update google-auth with critical bug fixes on a best-effort basis, but not with any other fixes or features. Please upgrade your Python version, and then update google-auth.
  warnings.warn(eol_message.format("3.9"), FutureWarning)
/Users/smithkwon/Library/Python/3.9/lib/python/site-packages/google/oauth2/__init__.py:40: FutureWarning: You are using a Python version 3.9 past its end of life. Google will update google-auth with critical bug fixes on a best-effort basis, but not with any other fixes or features. Please upgrade your Python version, and then update google-auth.
  warnings.warn(eol_message.format("3.9"), FutureWarning)
/Users/smithkwon/Library/Python/3.9/lib/python/site-packages/urllib3/__init__.py:35: NotOpenSSLWarning: urllib3 v2 only supports OpenSSL 1.1.1+, currently the 'ssl' module is compiled with 'LibreSSL 2.8.3'. See: https://github.com/urllib3/urllib3/issues/3020
  warnings.warn(
Uploading video to YouTube...
=== Upload Complete! ===
Video ID: gFNLCvKVNw8
URL: https://youtu.be/gFNLCvKVNw8
All tasks completed successfully at Sat Jul  4 08:11:27 KST 2026
Starting daily price check and video generation at Sun Jul  5 08:10:00 KST 2026
/Users/smithkwon/Library/Python/3.9/lib/python/site-packages/urllib3/__init__.py:35: NotOpenSSLWarning: urllib3 v2 only supports OpenSSL 1.1.1+, currently the 'ssl' module is compiled with 'LibreSSL 2.8.3'. See: https://github.com/urllib3/urllib3/issues/3020
  warnings.warn(
Fetching latest data from API...
Found 3896 records from data base.
Found 9 newly updated records.
Saved 3896 all trades to /Users/smithkwon/.openclaw/workspace/dailypriceup/data/daily_lists/all_trade_2026_07_05.json
Saved 9 new trades to /Users/smithkwon/.openclaw/workspace/dailypriceup/data/daily_lists/new_trade_2026_07_05.json
Saved 2 ATH records to /Users/smithkwon/.openclaw/workspace/dailypriceup/data/daily_lists/ath_list_2026_07_05.json
Inserted 9 records into DB. Found 2 ATH records.
Image saved to /Users/smithkwon/.openclaw/workspace/dailypriceup/data/daily_shorts_rate.png
Image saved to /Users/smithkwon/.openclaw/workspace/dailypriceup/data/daily_shorts_amount.png
Image saved to /Users/smithkwon/.openclaw/workspace/dailypriceup/data/daily_shorts_lowest.png
Today is Sunday, using BGM: Sunday.mp3
Image saved to /Users/smithkwon/.openclaw/workspace/dailypriceup/data/daily_shorts_top10.png
Generating 16-second Shorts video (including Top 10)...
Video generation complete: daily_shorts_final.mp4
Starting YouTube upload at Sun Jul  5 08:12:13 KST 2026
/Users/smithkwon/Library/Python/3.9/lib/python/site-packages/google/api_core/_python_version_support.py:242: FutureWarning: You are using a non-supported Python version (3.9.6). Google will not post any further updates to google.api_core supporting this Python version. Please upgrade to the latest Python version, or at least Python 3.10, and then update google.api_core.
  warnings.warn(message, FutureWarning)
/Users/smithkwon/Library/Python/3.9/lib/python/site-packages/google/auth/__init__.py:54: FutureWarning: You are using a Python version 3.9 past its end of life. Google will update google-auth with critical bug fixes on a best-effort basis, but not with any other fixes or features. Please upgrade your Python version, and then update google-auth.
  warnings.warn(eol_message.format("3.9"), FutureWarning)
/Users/smithkwon/Library/Python/3.9/lib/python/site-packages/google/oauth2/__init__.py:40: FutureWarning: You are using a Python version 3.9 past its end of life. Google will update google-auth with critical bug fixes on a best-effort basis, but not with any other fixes or features. Please upgrade your Python version, and then update google-auth.
  warnings.warn(eol_message.format("3.9"), FutureWarning)
/Users/smithkwon/Library/Python/3.9/lib/python/site-packages/urllib3/__init__.py:35: NotOpenSSLWarning: urllib3 v2 only supports OpenSSL 1.1.1+, currently the 'ssl' module is compiled with 'LibreSSL 2.8.3'. See: https://github.com/urllib3/urllib3/issues/3020
  warnings.warn(
Uploading video to YouTube...
=== Upload Complete! ===
Video ID: 786WU7cfGSM
URL: https://youtu.be/786WU7cfGSM
All tasks completed successfully at Sun Jul  5 08:12:17 KST 2026
Starting daily price check and video generation at Mon Jul  6 08:10:00 KST 2026
/Users/smithkwon/Library/Python/3.9/lib/python/site-packages/urllib3/__init__.py:35: NotOpenSSLWarning: urllib3 v2 only supports OpenSSL 1.1.1+, currently the 'ssl' module is compiled with 'LibreSSL 2.8.3'. See: https://github.com/urllib3/urllib3/issues/3020
  warnings.warn(
Fetching latest data from API...
Found 3582 records from data base.
Found 5 newly updated records.
Saved 3582 all trades to /Users/smithkwon/.openclaw/workspace/dailypriceup/data/daily_lists/all_trade_2026_07_06.json
Saved 5 new trades to /Users/smithkwon/.openclaw/workspace/dailypriceup/data/daily_lists/new_trade_2026_07_06.json
Saved 2 ATH records to /Users/smithkwon/.openclaw/workspace/dailypriceup/data/daily_lists/ath_list_2026_07_06.json
Inserted 5 records into DB. Found 2 ATH records.
Image saved to /Users/smithkwon/.openclaw/workspace/dailypriceup/data/daily_shorts_rate.png
Image saved to /Users/smithkwon/.openclaw/workspace/dailypriceup/data/daily_shorts_amount.png
Image saved to /Users/smithkwon/.openclaw/workspace/dailypriceup/data/daily_shorts_lowest.png
Today is Monday, using BGM: TechLive.mp3
Image saved to /Users/smithkwon/.openclaw/workspace/dailypriceup/data/daily_shorts_top10.png
Generating 16-second Shorts video (including Top 10)...
Video generation complete: daily_shorts_final.mp4
Starting YouTube upload at Mon Jul  6 08:12:34 KST 2026
/Users/smithkwon/Library/Python/3.9/lib/python/site-packages/google/api_core/_python_version_support.py:242: FutureWarning: You are using a non-supported Python version (3.9.6). Google will not post any further updates to google.api_core supporting this Python version. Please upgrade to the latest Python version, or at least Python 3.10, and then update google.api_core.
  warnings.warn(message, FutureWarning)
/Users/smithkwon/Library/Python/3.9/lib/python/site-packages/google/auth/__init__.py:54: FutureWarning: You are using a Python version 3.9 past its end of life. Google will update google-auth with critical bug fixes on a best-effort basis, but not with any other fixes or features. Please upgrade your Python version, and then update google-auth.
  warnings.warn(eol_message.format("3.9"), FutureWarning)
/Users/smithkwon/Library/Python/3.9/lib/python/site-packages/google/oauth2/__init__.py:40: FutureWarning: You are using a Python version 3.9 past its end of life. Google will update google-auth with critical bug fixes on a best-effort basis, but not with any other fixes or features. Please upgrade your Python version, and then update google-auth.
  warnings.warn(eol_message.format("3.9"), FutureWarning)
/Users/smithkwon/Library/Python/3.9/lib/python/site-packages/urllib3/__init__.py:35: NotOpenSSLWarning: urllib3 v2 only supports OpenSSL 1.1.1+, currently the 'ssl' module is compiled with 'LibreSSL 2.8.3'. See: https://github.com/urllib3/urllib3/issues/3020
  warnings.warn(
Uploading video to YouTube...
=== Upload Complete! ===
Video ID: s9-lFoynlc0
URL: https://youtu.be/s9-lFoynlc0
All tasks completed successfully at Mon Jul  6 08:12:38 KST 2026
Starting daily price check and video generation at Tue Jul  7 08:10:01 KST 2026
/Users/smithkwon/Library/Python/3.9/lib/python/site-packages/urllib3/__init__.py:35: NotOpenSSLWarning: urllib3 v2 only supports OpenSSL 1.1.1+, currently the 'ssl' module is compiled with 'LibreSSL 2.8.3'. See: https://github.com/urllib3/urllib3/issues/3020
  warnings.warn(
Fetching latest data from API...
Found 4058 records from data base.
Found 316 newly updated records.
Saved 4058 all trades to /Users/smithkwon/.openclaw/workspace/dailypriceup/data/daily_lists/all_trade_2026_07_07.json
Saved 316 new trades to /Users/smithkwon/.openclaw/workspace/dailypriceup/data/daily_lists/new_trade_2026_07_07.json
Saved 98 ATH records to /Users/smithkwon/.openclaw/workspace/dailypriceup/data/daily_lists/ath_list_2026_07_07.json
Inserted 316 records into DB. Found 98 ATH records.
Image saved to /Users/smithkwon/.openclaw/workspace/dailypriceup/data/daily_shorts_rate.png
Image saved to /Users/smithkwon/.openclaw/workspace/dailypriceup/data/daily_shorts_amount.png
Image saved to /Users/smithkwon/.openclaw/workspace/dailypriceup/data/daily_shorts_lowest.png
Today is Tuesday, using BGM: Tuesday.mp3
Image saved to /Users/smithkwon/.openclaw/workspace/dailypriceup/data/daily_shorts_top10.png
Generating 16-second Shorts video (including Top 10)...
Video generation complete: daily_shorts_final.mp4
Starting YouTube upload at Tue Jul  7 08:11:52 KST 2026
/Users/smithkwon/Library/Python/3.9/lib/python/site-packages/google/api_core/_python_version_support.py:242: FutureWarning: You are using a non-supported Python version (3.9.6). Google will not post any further updates to google.api_core supporting this Python version. Please upgrade to the latest Python version, or at least Python 3.10, and then update google.api_core.
  warnings.warn(message, FutureWarning)
/Users/smithkwon/Library/Python/3.9/lib/python/site-packages/google/auth/__init__.py:54: FutureWarning: You are using a Python version 3.9 past its end of life. Google will update google-auth with critical bug fixes on a best-effort basis, but not with any other fixes or features. Please upgrade your Python version, and then update google-auth.
  warnings.warn(eol_message.format("3.9"), FutureWarning)
/Users/smithkwon/Library/Python/3.9/lib/python/site-packages/google/oauth2/__init__.py:40: FutureWarning: You are using a Python version 3.9 past its end of life. Google will update google-auth with critical bug fixes on a best-effort basis, but not with any other fixes or features. Please upgrade your Python version, and then update google-auth.
  warnings.warn(eol_message.format("3.9"), FutureWarning)
/Users/smithkwon/Library/Python/3.9/lib/python/site-packages/urllib3/__init__.py:35: NotOpenSSLWarning: urllib3 v2 only supports OpenSSL 1.1.1+, currently the 'ssl' module is compiled with 'LibreSSL 2.8.3'. See: https://github.com/urllib3/urllib3/issues/3020
  warnings.warn(
Uploading video to YouTube...
=== Upload Complete! ===
Video ID: 6hPlVwz8CxE
URL: https://youtu.be/6hPlVwz8CxE
All tasks completed successfully at Tue Jul  7 08:11:56 KST 2026
Starting daily price check and video generation at Wed Jul  8 08:10:00 KST 2026
/Users/smithkwon/Library/Python/3.9/lib/python/site-packages/urllib3/__init__.py:35: NotOpenSSLWarning: urllib3 v2 only supports OpenSSL 1.1.1+, currently the 'ssl' module is compiled with 'LibreSSL 2.8.3'. See: https://github.com/urllib3/urllib3/issues/3020
  warnings.warn(
Fetching latest data from API...
Found 4562 records from data base.
Found 339 newly updated records.
Saved 4562 all trades to /Users/smithkwon/.openclaw/workspace/dailypriceup/data/daily_lists/all_trade_2026_07_08.json
Saved 339 new trades to /Users/smithkwon/.openclaw/workspace/dailypriceup/data/daily_lists/new_trade_2026_07_08.json
Saved 109 ATH records to /Users/smithkwon/.openclaw/workspace/dailypriceup/data/daily_lists/ath_list_2026_07_08.json
Inserted 339 records into DB. Found 109 ATH records.
Image saved to /Users/smithkwon/.openclaw/workspace/dailypriceup/data/daily_shorts_rate.png
Image saved to /Users/smithkwon/.openclaw/workspace/dailypriceup/data/daily_shorts_amount.png
Image saved to /Users/smithkwon/.openclaw/workspace/dailypriceup/data/daily_shorts_lowest.png
Today is Wednesday, using BGM: Wednesday.mp3
Image saved to /Users/smithkwon/.openclaw/workspace/dailypriceup/data/daily_shorts_top10.png
Generating 16-second Shorts video (including Top 10)...
Video generation complete: daily_shorts_final.mp4
Starting YouTube upload at Wed Jul  8 08:12:17 KST 2026
/Users/smithkwon/Library/Python/3.9/lib/python/site-packages/google/api_core/_python_version_support.py:242: FutureWarning: You are using a non-supported Python version (3.9.6). Google will not post any further updates to google.api_core supporting this Python version. Please upgrade to the latest Python version, or at least Python 3.10, and then update google.api_core.
  warnings.warn(message, FutureWarning)
/Users/smithkwon/Library/Python/3.9/lib/python/site-packages/google/auth/__init__.py:54: FutureWarning: You are using a Python version 3.9 past its end of life. Google will update google-auth with critical bug fixes on a best-effort basis, but not with any other fixes or features. Please upgrade your Python version, and then update google-auth.
  warnings.warn(eol_message.format("3.9"), FutureWarning)
/Users/smithkwon/Library/Python/3.9/lib/python/site-packages/google/oauth2/__init__.py:40: FutureWarning: You are using a Python version 3.9 past its end of life. Google will update google-auth with critical bug fixes on a best-effort basis, but not with any other fixes or features. Please upgrade your Python version, and then update google-auth.
  warnings.warn(eol_message.format("3.9"), FutureWarning)
/Users/smithkwon/Library/Python/3.9/lib/python/site-packages/urllib3/__init__.py:35: NotOpenSSLWarning: urllib3 v2 only supports OpenSSL 1.1.1+, currently the 'ssl' module is compiled with 'LibreSSL 2.8.3'. See: https://github.com/urllib3/urllib3/issues/3020
  warnings.warn(
Uploading video to YouTube...
=== Upload Complete! ===
Video ID: QTYQB3oFRUQ
URL: https://youtu.be/QTYQB3oFRUQ
All tasks completed successfully at Wed Jul  8 08:12:22 KST 2026
Starting daily price check and video generation at Thu Jul  9 08:10:01 KST 2026
/Users/smithkwon/Library/Python/3.9/lib/python/site-packages/urllib3/__init__.py:35: NotOpenSSLWarning: urllib3 v2 only supports OpenSSL 1.1.1+, currently the 'ssl' module is compiled with 'LibreSSL 2.8.3'. See: https://github.com/urllib3/urllib3/issues/3020
  warnings.warn(
Fetching latest data from API...
Found 4789 records from data base.
Found 223 newly updated records.
Saved 4789 all trades to /Users/smithkwon/.openclaw/workspace/dailypriceup/data/daily_lists/all_trade_2026_07_09.json
Saved 223 new trades to /Users/smithkwon/.openclaw/workspace/dailypriceup/data/daily_lists/new_trade_2026_07_09.json
Saved 69 ATH records to /Users/smithkwon/.openclaw/workspace/dailypriceup/data/daily_lists/ath_list_2026_07_09.json
Inserted 223 records into DB. Found 69 ATH records.
Image saved to /Users/smithkwon/.openclaw/workspace/dailypriceup/data/daily_shorts_rate.png
Image saved to /Users/smithkwon/.openclaw/workspace/dailypriceup/data/daily_shorts_amount.png
Image saved to /Users/smithkwon/.openclaw/workspace/dailypriceup/data/daily_shorts_lowest.png
Today is Thursday, using BGM: Thursday.mp3
Image saved to /Users/smithkwon/.openclaw/workspace/dailypriceup/data/daily_shorts_top10.png
Generating 16-second Shorts video (including Top 10)...
Video generation complete: daily_shorts_final.mp4
/Users/smithkwon/Library/Python/3.9/lib/python/site-packages/urllib3/__init__.py:35: NotOpenSSLWarning: urllib3 v2 only supports OpenSSL 1.1.1+, currently the 'ssl' module is compiled with 'LibreSSL 2.8.3'. See: https://github.com/urllib3/urllib3/issues/3020
  warnings.warn(
Found 0 records from data base.
Found 0 newly updated records.
Loaded 223 records from /Users/smithkwon/.openclaw/workspace/dailypriceup/data/daily_lists/new_trade_2026_07_09.json
No ATH file found at /Users/smithkwon/.openclaw/workspace/dailypriceup/data/daily_lists/low_ath_list_2026_07_09.json; no ATH records to process.
Image saved to /Users/smithkwon/.openclaw/workspace/dailypriceup/data/daily_shorts_rate_low.png
Image saved to /Users/smithkwon/.openclaw/workspace/dailypriceup/data/daily_shorts_amount_low.png
Image saved to /Users/smithkwon/.openclaw/workspace/dailypriceup/data/daily_shorts_lowest_low.png
Today is Thursday, using BGM: Thursday.mp3
Image saved to /Users/smithkwon/.openclaw/workspace/dailypriceup/data/daily_shorts_bottom10.png
Generating 16-second Shorts video (including Bottom 10)...
Video generation complete: daily_shorts_final_low.mp4
Starting YouTube upload at Thu Jul  9 08:11:28 KST 2026
/Users/smithkwon/Library/Python/3.9/lib/python/site-packages/google/api_core/_python_version_support.py:242: FutureWarning: You are using a non-supported Python version (3.9.6). Google will not post any further updates to google.api_core supporting this Python version. Please upgrade to the latest Python version, or at least Python 3.10, and then update google.api_core.
  warnings.warn(message, FutureWarning)
/Users/smithkwon/Library/Python/3.9/lib/python/site-packages/google/auth/__init__.py:54: FutureWarning: You are using a Python version 3.9 past its end of life. Google will update google-auth with critical bug fixes on a best-effort basis, but not with any other fixes or features. Please upgrade your Python version, and then update google-auth.
  warnings.warn(eol_message.format("3.9"), FutureWarning)
/Users/smithkwon/Library/Python/3.9/lib/python/site-packages/google/oauth2/__init__.py:40: FutureWarning: You are using a Python version 3.9 past its end of life. Google will update google-auth with critical bug fixes on a best-effort basis, but not with any other fixes or features. Please upgrade your Python version, and then update google-auth.
  warnings.warn(eol_message.format("3.9"), FutureWarning)
/Users/smithkwon/Library/Python/3.9/lib/python/site-packages/urllib3/__init__.py:35: NotOpenSSLWarning: urllib3 v2 only supports OpenSSL 1.1.1+, currently the 'ssl' module is compiled with 'LibreSSL 2.8.3'. See: https://github.com/urllib3/urllib3/issues/3020
  warnings.warn(
Uploading video to YouTube...
=== Upload Complete! ===
Video ID: 5zOhfLjLjLs
URL: https://youtu.be/5zOhfLjLjLs
/Users/smithkwon/Library/Python/3.9/lib/python/site-packages/google/api_core/_python_version_support.py:242: FutureWarning: You are using a non-supported Python version (3.9.6). Google will not post any further updates to google.api_core supporting this Python version. Please upgrade to the latest Python version, or at least Python 3.10, and then update google.api_core.
  warnings.warn(message, FutureWarning)
/Users/smithkwon/Library/Python/3.9/lib/python/site-packages/google/auth/__init__.py:54: FutureWarning: You are using a Python version 3.9 past its end of life. Google will update google-auth with critical bug fixes on a best-effort basis, but not with any other fixes or features. Please upgrade your Python version, and then update google-auth.
  warnings.warn(eol_message.format("3.9"), FutureWarning)
/Users/smithkwon/Library/Python/3.9/lib/python/site-packages/google/oauth2/__init__.py:40: FutureWarning: You are using a Python version 3.9 past its end of life. Google will update google-auth with critical bug fixes on a best-effort basis, but not with any other fixes or features. Please upgrade your Python version, and then update google-auth.
  warnings.warn(eol_message.format("3.9"), FutureWarning)
/Users/smithkwon/Library/Python/3.9/lib/python/site-packages/urllib3/__init__.py:35: NotOpenSSLWarning: urllib3 v2 only supports OpenSSL 1.1.1+, currently the 'ssl' module is compiled with 'LibreSSL 2.8.3'. See: https://github.com/urllib3/urllib3/issues/3020
  warnings.warn(
Uploading video to YouTube...
=== Upload Complete! ===
Video ID: hLuqJUaYav4
URL: https://youtu.be/hLuqJUaYav4
All tasks completed successfully at Thu Jul  9 08:11:36 KST 2026
Starting daily price check and video generation at Fri Jul 10 08:10:01 KST 2026
/Users/smithkwon/Library/Python/3.9/lib/python/site-packages/urllib3/__init__.py:35: NotOpenSSLWarning: urllib3 v2 only supports OpenSSL 1.1.1+, currently the 'ssl' module is compiled with 'LibreSSL 2.8.3'. See: https://github.com/urllib3/urllib3/issues/3020
  warnings.warn(
Fetching latest data from API...
Found 5091 records from data base.
Found 299 newly updated records.
Saved 5091 all trades to /Users/smithkwon/.openclaw/workspace/dailypriceup/data/daily_lists/all_trade_2026_07_10.json
Saved 299 new trades to /Users/smithkwon/.openclaw/workspace/dailypriceup/data/daily_lists/new_trade_2026_07_10.json
Saved 114 ATH records to /Users/smithkwon/.openclaw/workspace/dailypriceup/data/daily_lists/ath_list_2026_07_10.json
Inserted 299 records into DB. Found 114 ATH records.
Image saved to /Users/smithkwon/.openclaw/workspace/dailypriceup/data/daily_shorts_rate.png
Image saved to /Users/smithkwon/.openclaw/workspace/dailypriceup/data/daily_shorts_amount.png
Image saved to /Users/smithkwon/.openclaw/workspace/dailypriceup/data/daily_shorts_lowest.png
Today is Friday, using BGM: Friday.mp3
Image saved to /Users/smithkwon/.openclaw/workspace/dailypriceup/data/daily_shorts_top10.png
Generating 16-second Shorts video (including Top 10)...
Video generation complete: daily_shorts_final.mp4
/Users/smithkwon/Library/Python/3.9/lib/python/site-packages/urllib3/__init__.py:35: NotOpenSSLWarning: urllib3 v2 only supports OpenSSL 1.1.1+, currently the 'ssl' module is compiled with 'LibreSSL 2.8.3'. See: https://github.com/urllib3/urllib3/issues/3020
  warnings.warn(
Found 0 records from data base.
Found 0 newly updated records.
Loaded 299 records from /Users/smithkwon/.openclaw/workspace/dailypriceup/data/daily_lists/new_trade_2026_07_10.json
No ATH file found at /Users/smithkwon/.openclaw/workspace/dailypriceup/data/daily_lists/low_ath_list_2026_07_10.json; no ATH records to process.
Image saved to /Users/smithkwon/.openclaw/workspace/dailypriceup/data/daily_shorts_rate_low.png
Image saved to /Users/smithkwon/.openclaw/workspace/dailypriceup/data/daily_shorts_amount_low.png
Image saved to /Users/smithkwon/.openclaw/workspace/dailypriceup/data/daily_shorts_lowest_low.png
Today is Friday, using BGM: Friday.mp3
Image saved to /Users/smithkwon/.openclaw/workspace/dailypriceup/data/daily_shorts_bottom10.png
Generating 16-second Shorts video (including Bottom 10)...
Video generation complete: daily_shorts_final_low.mp4
Starting YouTube upload at Fri Jul 10 08:13:00 KST 2026
/Users/smithkwon/Library/Python/3.9/lib/python/site-packages/google/api_core/_python_version_support.py:242: FutureWarning: You are using a non-supported Python version (3.9.6). Google will not post any further updates to google.api_core supporting this Python version. Please upgrade to the latest Python version, or at least Python 3.10, and then update google.api_core.
  warnings.warn(message, FutureWarning)
/Users/smithkwon/Library/Python/3.9/lib/python/site-packages/google/auth/__init__.py:54: FutureWarning: You are using a Python version 3.9 past its end of life. Google will update google-auth with critical bug fixes on a best-effort basis, but not with any other fixes or features. Please upgrade your Python version, and then update google-auth.
  warnings.warn(eol_message.format("3.9"), FutureWarning)
/Users/smithkwon/Library/Python/3.9/lib/python/site-packages/google/oauth2/__init__.py:40: FutureWarning: You are using a Python version 3.9 past its end of life. Google will update google-auth with critical bug fixes on a best-effort basis, but not with any other fixes or features. Please upgrade your Python version, and then update google-auth.
  warnings.warn(eol_message.format("3.9"), FutureWarning)
/Users/smithkwon/Library/Python/3.9/lib/python/site-packages/urllib3/__init__.py:35: NotOpenSSLWarning: urllib3 v2 only supports OpenSSL 1.1.1+, currently the 'ssl' module is compiled with 'LibreSSL 2.8.3'. See: https://github.com/urllib3/urllib3/issues/3020
  warnings.warn(
Uploading video to YouTube...
=== Upload Complete! ===
Video ID: AXlkxc6W_Ns
URL: https://youtu.be/AXlkxc6W_Ns
/Users/smithkwon/Library/Python/3.9/lib/python/site-packages/google/api_core/_python_version_support.py:242: FutureWarning: You are using a non-supported Python version (3.9.6). Google will not post any further updates to google.api_core supporting this Python version. Please upgrade to the latest Python version, or at least Python 3.10, and then update google.api_core.
  warnings.warn(message, FutureWarning)
/Users/smithkwon/Library/Python/3.9/lib/python/site-packages/google/auth/__init__.py:54: FutureWarning: You are using a Python version 3.9 past its end of life. Google will update google-auth with critical bug fixes on a best-effort basis, but not with any other fixes or features. Please upgrade your Python version, and then update google-auth.
  warnings.warn(eol_message.format("3.9"), FutureWarning)
/Users/smithkwon/Library/Python/3.9/lib/python/site-packages/google/oauth2/__init__.py:40: FutureWarning: You are using a Python version 3.9 past its end of life. Google will update google-auth with critical bug fixes on a best-effort basis, but not with any other fixes or features. Please upgrade your Python version, and then update google-auth.
  warnings.warn(eol_message.format("3.9"), FutureWarning)
/Users/smithkwon/Library/Python/3.9/lib/python/site-packages/urllib3/__init__.py:35: NotOpenSSLWarning: urllib3 v2 only supports OpenSSL 1.1.1+, currently the 'ssl' module is compiled with 'LibreSSL 2.8.3'. See: https://github.com/urllib3/urllib3/issues/3020
  warnings.warn(
Uploading video to YouTube...
=== Upload Complete! ===
Video ID: S4Wo6__Nu0k
URL: https://youtu.be/S4Wo6__Nu0k
All tasks completed successfully at Fri Jul 10 08:13:07 KST 2026
Starting daily price check and video generation at Sat Jul 11 08:10:00 KST 2026
/Users/smithkwon/Library/Python/3.9/lib/python/site-packages/urllib3/__init__.py:35: NotOpenSSLWarning: urllib3 v2 only supports OpenSSL 1.1.1+, currently the 'ssl' module is compiled with 'LibreSSL 2.8.3'. See: https://github.com/urllib3/urllib3/issues/3020
  warnings.warn(
Fetching latest data from API...
Found 5376 records from data base.
Found 276 newly updated records.
Saved 5376 all trades to /Users/smithkwon/.openclaw/workspace/dailypriceup/data/daily_lists/all_trade_2026_07_11.json
Saved 276 new trades to /Users/smithkwon/.openclaw/workspace/dailypriceup/data/daily_lists/new_trade_2026_07_11.json
Saved 81 ATH records to /Users/smithkwon/.openclaw/workspace/dailypriceup/data/daily_lists/ath_list_2026_07_11.json
Inserted 276 records into DB. Found 81 ATH records.
Image saved to /Users/smithkwon/.openclaw/workspace/dailypriceup/data/daily_shorts_rate.png
Image saved to /Users/smithkwon/.openclaw/workspace/dailypriceup/data/daily_shorts_amount.png
Image saved to /Users/smithkwon/.openclaw/workspace/dailypriceup/data/daily_shorts_lowest.png
Today is Saturday, using BGM: Saturday.mp3
Image saved to /Users/smithkwon/.openclaw/workspace/dailypriceup/data/daily_shorts_top10.png
Generating 16-second Shorts video (including Top 10)...
Video generation complete: daily_shorts_final.mp4
/Users/smithkwon/Library/Python/3.9/lib/python/site-packages/urllib3/__init__.py:35: NotOpenSSLWarning: urllib3 v2 only supports OpenSSL 1.1.1+, currently the 'ssl' module is compiled with 'LibreSSL 2.8.3'. See: https://github.com/urllib3/urllib3/issues/3020
  warnings.warn(
Found 0 records from data base.
Found 0 newly updated records.
Loaded 276 records from /Users/smithkwon/.openclaw/workspace/dailypriceup/data/daily_lists/new_trade_2026_07_11.json
No ATH file found at /Users/smithkwon/.openclaw/workspace/dailypriceup/data/daily_lists/low_ath_list_2026_07_11.json; no ATH records to process.
Image saved to /Users/smithkwon/.openclaw/workspace/dailypriceup/data/daily_shorts_rate_low.png
Image saved to /Users/smithkwon/.openclaw/workspace/dailypriceup/data/daily_shorts_amount_low.png
Image saved to /Users/smithkwon/.openclaw/workspace/dailypriceup/data/daily_shorts_lowest_low.png
Today is Saturday, using BGM: Saturday.mp3
Image saved to /Users/smithkwon/.openclaw/workspace/dailypriceup/data/daily_shorts_bottom10.png
Generating 16-second Shorts video (including Bottom 10)...
Video generation complete: daily_shorts_final_low.mp4
Starting YouTube upload at Sat Jul 11 08:11:10 KST 2026
/Users/smithkwon/Library/Python/3.9/lib/python/site-packages/google/api_core/_python_version_support.py:242: FutureWarning: You are using a non-supported Python version (3.9.6). Google will not post any further updates to google.api_core supporting this Python version. Please upgrade to the latest Python version, or at least Python 3.10, and then update google.api_core.
  warnings.warn(message, FutureWarning)
/Users/smithkwon/Library/Python/3.9/lib/python/site-packages/google/auth/__init__.py:54: FutureWarning: You are using a Python version 3.9 past its end of life. Google will update google-auth with critical bug fixes on a best-effort basis, but not with any other fixes or features. Please upgrade your Python version, and then update google-auth.
  warnings.warn(eol_message.format("3.9"), FutureWarning)
/Users/smithkwon/Library/Python/3.9/lib/python/site-packages/google/oauth2/__init__.py:40: FutureWarning: You are using a Python version 3.9 past its end of life. Google will update google-auth with critical bug fixes on a best-effort basis, but not with any other fixes or features. Please upgrade your Python version, and then update google-auth.
  warnings.warn(eol_message.format("3.9"), FutureWarning)
/Users/smithkwon/Library/Python/3.9/lib/python/site-packages/urllib3/__init__.py:35: NotOpenSSLWarning: urllib3 v2 only supports OpenSSL 1.1.1+, currently the 'ssl' module is compiled with 'LibreSSL 2.8.3'. See: https://github.com/urllib3/urllib3/issues/3020
  warnings.warn(
Uploading video to YouTube...
=== Upload Complete! ===
Video ID: t9kHyNzgpKY
URL: https://youtu.be/t9kHyNzgpKY
/Users/smithkwon/Library/Python/3.9/lib/python/site-packages/google/api_core/_python_version_support.py:242: FutureWarning: You are using a non-supported Python version (3.9.6). Google will not post any further updates to google.api_core supporting this Python version. Please upgrade to the latest Python version, or at least Python 3.10, and then update google.api_core.
  warnings.warn(message, FutureWarning)
/Users/smithkwon/Library/Python/3.9/lib/python/site-packages/google/auth/__init__.py:54: FutureWarning: You are using a Python version 3.9 past its end of life. Google will update google-auth with critical bug fixes on a best-effort basis, but not with any other fixes or features. Please upgrade your Python version, and then update google-auth.
  warnings.warn(eol_message.format("3.9"), FutureWarning)
/Users/smithkwon/Library/Python/3.9/lib/python/site-packages/google/oauth2/__init__.py:40: FutureWarning: You are using a Python version 3.9 past its end of life. Google will update google-auth with critical bug fixes on a best-effort basis, but not with any other fixes or features. Please upgrade your Python version, and then update google-auth.
  warnings.warn(eol_message.format("3.9"), FutureWarning)
/Users/smithkwon/Library/Python/3.9/lib/python/site-packages/urllib3/__init__.py:35: NotOpenSSLWarning: urllib3 v2 only supports OpenSSL 1.1.1+, currently the 'ssl' module is compiled with 'LibreSSL 2.8.3'. See: https://github.com/urllib3/urllib3/issues/3020
  warnings.warn(
Uploading video to YouTube...
=== Upload Complete! ===
Video ID: luRfp98KrIM
URL: https://youtu.be/luRfp98KrIM
All tasks completed successfully at Sat Jul 11 08:11:18 KST 2026
Starting daily price check and video generation at Sun Jul 12 08:10:00 KST 2026
/Users/smithkwon/Library/Python/3.9/lib/python/site-packages/urllib3/__init__.py:35: NotOpenSSLWarning: urllib3 v2 only supports OpenSSL 1.1.1+, currently the 'ssl' module is compiled with 'LibreSSL 2.8.3'. See: https://github.com/urllib3/urllib3/issues/3020
  warnings.warn(
Fetching latest data from API...
Found 5384 records from data base.
Found 8 newly updated records.
Saved 5384 all trades to /Users/smithkwon/.openclaw/workspace/dailypriceup/data/daily_lists/all_trade_2026_07_12.json
Saved 8 new trades to /Users/smithkwon/.openclaw/workspace/dailypriceup/data/daily_lists/new_trade_2026_07_12.json
Saved 4 ATH records to /Users/smithkwon/.openclaw/workspace/dailypriceup/data/daily_lists/ath_list_2026_07_12.json
Inserted 8 records into DB. Found 4 ATH records.
Image saved to /Users/smithkwon/.openclaw/workspace/dailypriceup/data/daily_shorts_rate.png
Image saved to /Users/smithkwon/.openclaw/workspace/dailypriceup/data/daily_shorts_amount.png
Image saved to /Users/smithkwon/.openclaw/workspace/dailypriceup/data/daily_shorts_lowest.png
Today is Sunday, using BGM: Sunday.mp3
Image saved to /Users/smithkwon/.openclaw/workspace/dailypriceup/data/daily_shorts_top10.png
Generating 16-second Shorts video (including Top 10)...
Video generation complete: daily_shorts_final.mp4
/Users/smithkwon/Library/Python/3.9/lib/python/site-packages/urllib3/__init__.py:35: NotOpenSSLWarning: urllib3 v2 only supports OpenSSL 1.1.1+, currently the 'ssl' module is compiled with 'LibreSSL 2.8.3'. See: https://github.com/urllib3/urllib3/issues/3020
  warnings.warn(
Found 0 records from data base.
Found 0 newly updated records.
Loaded 8 records from /Users/smithkwon/.openclaw/workspace/dailypriceup/data/daily_lists/new_trade_2026_07_12.json
No ATH file found at /Users/smithkwon/.openclaw/workspace/dailypriceup/data/daily_lists/low_ath_list_2026_07_12.json; no ATH records to process.
Image saved to /Users/smithkwon/.openclaw/workspace/dailypriceup/data/daily_shorts_rate_low.png
Image saved to /Users/smithkwon/.openclaw/workspace/dailypriceup/data/daily_shorts_amount_low.png
Image saved to /Users/smithkwon/.openclaw/workspace/dailypriceup/data/daily_shorts_lowest_low.png
Today is Sunday, using BGM: Sunday.mp3
Image saved to /Users/smithkwon/.openclaw/workspace/dailypriceup/data/daily_shorts_bottom10.png
Generating 16-second Shorts video (including Bottom 10)...
Video generation complete: daily_shorts_final_low.mp4
Starting YouTube upload at Sun Jul 12 08:12:02 KST 2026
/Users/smithkwon/Library/Python/3.9/lib/python/site-packages/google/api_core/_python_version_support.py:242: FutureWarning: You are using a non-supported Python version (3.9.6). Google will not post any further updates to google.api_core supporting this Python version. Please upgrade to the latest Python version, or at least Python 3.10, and then update google.api_core.
  warnings.warn(message, FutureWarning)
/Users/smithkwon/Library/Python/3.9/lib/python/site-packages/google/auth/__init__.py:54: FutureWarning: You are using a Python version 3.9 past its end of life. Google will update google-auth with critical bug fixes on a best-effort basis, but not with any other fixes or features. Please upgrade your Python version, and then update google-auth.
  warnings.warn(eol_message.format("3.9"), FutureWarning)
/Users/smithkwon/Library/Python/3.9/lib/python/site-packages/google/oauth2/__init__.py:40: FutureWarning: You are using a Python version 3.9 past its end of life. Google will update google-auth with critical bug fixes on a best-effort basis, but not with any other fixes or features. Please upgrade your Python version, and then update google-auth.
  warnings.warn(eol_message.format("3.9"), FutureWarning)
/Users/smithkwon/Library/Python/3.9/lib/python/site-packages/urllib3/__init__.py:35: NotOpenSSLWarning: urllib3 v2 only supports OpenSSL 1.1.1+, currently the 'ssl' module is compiled with 'LibreSSL 2.8.3'. See: https://github.com/urllib3/urllib3/issues/3020
  warnings.warn(
Uploading video to YouTube...
=== Upload Complete! ===
Video ID: zSr10tAatbA
URL: https://youtu.be/zSr10tAatbA
/Users/smithkwon/Library/Python/3.9/lib/python/site-packages/google/api_core/_python_version_support.py:242: FutureWarning: You are using a non-supported Python version (3.9.6). Google will not post any further updates to google.api_core supporting this Python version. Please upgrade to the latest Python version, or at least Python 3.10, and then update google.api_core.
  warnings.warn(message, FutureWarning)
/Users/smithkwon/Library/Python/3.9/lib/python/site-packages/google/auth/__init__.py:54: FutureWarning: You are using a Python version 3.9 past its end of life. Google will update google-auth with critical bug fixes on a best-effort basis, but not with any other fixes or features. Please upgrade your Python version, and then update google-auth.
  warnings.warn(eol_message.format("3.9"), FutureWarning)
/Users/smithkwon/Library/Python/3.9/lib/python/site-packages/google/oauth2/__init__.py:40: FutureWarning: You are using a Python version 3.9 past its end of life. Google will update google-auth with critical bug fixes on a best-effort basis, but not with any other fixes or features. Please upgrade your Python version, and then update google-auth.
  warnings.warn(eol_message.format("3.9"), FutureWarning)
/Users/smithkwon/Library/Python/3.9/lib/python/site-packages/urllib3/__init__.py:35: NotOpenSSLWarning: urllib3 v2 only supports OpenSSL 1.1.1+, currently the 'ssl' module is compiled with 'LibreSSL 2.8.3'. See: https://github.com/urllib3/urllib3/issues/3020
  warnings.warn(
Uploading video to YouTube...
=== Upload Complete! ===
Video ID: -HBD-71tyEw
URL: https://youtu.be/-HBD-71tyEw
All tasks completed successfully at Sun Jul 12 08:12:09 KST 2026
Starting daily price check and video generation at Mon Jul 13 08:10:00 KST 2026
/Users/smithkwon/Library/Python/3.9/lib/python/site-packages/urllib3/__init__.py:35: NotOpenSSLWarning: urllib3 v2 only supports OpenSSL 1.1.1+, currently the 'ssl' module is compiled with 'LibreSSL 2.8.3'. See: https://github.com/urllib3/urllib3/issues/3020
  warnings.warn(
Fetching latest data from API...
Found 5401 records from data base.
Found 17 newly updated records.
Saved 5401 all trades to /Users/smithkwon/.openclaw/workspace/dailypriceup/data/daily_lists/all_trade_2026_07_13.json
Saved 17 new trades to /Users/smithkwon/.openclaw/workspace/dailypriceup/data/daily_lists/new_trade_2026_07_13.json
Saved 4 ATH records to /Users/smithkwon/.openclaw/workspace/dailypriceup/data/daily_lists/ath_list_2026_07_13.json
Inserted 17 records into DB. Found 4 ATH records.
Image saved to /Users/smithkwon/.openclaw/workspace/dailypriceup/data/daily_shorts_rate.png
Image saved to /Users/smithkwon/.openclaw/workspace/dailypriceup/data/daily_shorts_amount.png
Image saved to /Users/smithkwon/.openclaw/workspace/dailypriceup/data/daily_shorts_lowest.png
Today is Monday, using BGM: TechLive.mp3
Image saved to /Users/smithkwon/.openclaw/workspace/dailypriceup/data/daily_shorts_top10.png
Generating 16-second Shorts video (including Top 10)...
Video generation complete: daily_shorts_final.mp4
/Users/smithkwon/Library/Python/3.9/lib/python/site-packages/urllib3/__init__.py:35: NotOpenSSLWarning: urllib3 v2 only supports OpenSSL 1.1.1+, currently the 'ssl' module is compiled with 'LibreSSL 2.8.3'. See: https://github.com/urllib3/urllib3/issues/3020
  warnings.warn(
Found 0 records from data base.
Found 0 newly updated records.
Loaded 17 records from /Users/smithkwon/.openclaw/workspace/dailypriceup/data/daily_lists/new_trade_2026_07_13.json
No ATH file found at /Users/smithkwon/.openclaw/workspace/dailypriceup/data/daily_lists/low_ath_list_2026_07_13.json; no ATH records to process.
Image saved to /Users/smithkwon/.openclaw/workspace/dailypriceup/data/daily_shorts_rate_low.png
Image saved to /Users/smithkwon/.openclaw/workspace/dailypriceup/data/daily_shorts_amount_low.png
Image saved to /Users/smithkwon/.openclaw/workspace/dailypriceup/data/daily_shorts_lowest_low.png
Today is Monday, using BGM: TechLive.mp3
Image saved to /Users/smithkwon/.openclaw/workspace/dailypriceup/data/daily_shorts_bottom10.png
Generating 16-second Shorts video (including Bottom 10)...
Video generation complete: daily_shorts_final_low.mp4
Starting YouTube upload at Mon Jul 13 08:12:35 KST 2026
/Users/smithkwon/Library/Python/3.9/lib/python/site-packages/google/api_core/_python_version_support.py:242: FutureWarning: You are using a non-supported Python version (3.9.6). Google will not post any further updates to google.api_core supporting this Python version. Please upgrade to the latest Python version, or at least Python 3.10, and then update google.api_core.
  warnings.warn(message, FutureWarning)
/Users/smithkwon/Library/Python/3.9/lib/python/site-packages/google/auth/__init__.py:54: FutureWarning: You are using a Python version 3.9 past its end of life. Google will update google-auth with critical bug fixes on a best-effort basis, but not with any other fixes or features. Please upgrade your Python version, and then update google-auth.
  warnings.warn(eol_message.format("3.9"), FutureWarning)
/Users/smithkwon/Library/Python/3.9/lib/python/site-packages/google/oauth2/__init__.py:40: FutureWarning: You are using a Python version 3.9 past its end of life. Google will update google-auth with critical bug fixes on a best-effort basis, but not with any other fixes or features. Please upgrade your Python version, and then update google-auth.
  warnings.warn(eol_message.format("3.9"), FutureWarning)
/Users/smithkwon/Library/Python/3.9/lib/python/site-packages/urllib3/__init__.py:35: NotOpenSSLWarning: urllib3 v2 only supports OpenSSL 1.1.1+, currently the 'ssl' module is compiled with 'LibreSSL 2.8.3'. See: https://github.com/urllib3/urllib3/issues/3020
  warnings.warn(
Uploading video to YouTube...
=== Upload Complete! ===
Video ID: shqsyxC09_0
URL: https://youtu.be/shqsyxC09_0
/Users/smithkwon/Library/Python/3.9/lib/python/site-packages/google/api_core/_python_version_support.py:242: FutureWarning: You are using a non-supported Python version (3.9.6). Google will not post any further updates to google.api_core supporting this Python version. Please upgrade to the latest Python version, or at least Python 3.10, and then update google.api_core.
  warnings.warn(message, FutureWarning)
/Users/smithkwon/Library/Python/3.9/lib/python/site-packages/google/auth/__init__.py:54: FutureWarning: You are using a Python version 3.9 past its end of life. Google will update google-auth with critical bug fixes on a best-effort basis, but not with any other fixes or features. Please upgrade your Python version, and then update google-auth.
  warnings.warn(eol_message.format("3.9"), FutureWarning)
/Users/smithkwon/Library/Python/3.9/lib/python/site-packages/google/oauth2/__init__.py:40: FutureWarning: You are using a Python version 3.9 past its end of life. Google will update google-auth with critical bug fixes on a best-effort basis, but not with any other fixes or features. Please upgrade your Python version, and then update google-auth.
  warnings.warn(eol_message.format("3.9"), FutureWarning)
/Users/smithkwon/Library/Python/3.9/lib/python/site-packages/urllib3/__init__.py:35: NotOpenSSLWarning: urllib3 v2 only supports OpenSSL 1.1.1+, currently the 'ssl' module is compiled with 'LibreSSL 2.8.3'. See: https://github.com/urllib3/urllib3/issues/3020
  warnings.warn(
Uploading video to YouTube...
=== Upload Complete! ===
Video ID: QS-tb3PTyN0
URL: https://youtu.be/QS-tb3PTyN0
All tasks completed successfully at Mon Jul 13 08:12:44 KST 2026
Starting daily price check and video generation at Tue Jul 14 08:10:01 KST 2026
/Users/smithkwon/Library/Python/3.9/lib/python/site-packages/urllib3/__init__.py:35: NotOpenSSLWarning: urllib3 v2 only supports OpenSSL 1.1.1+, currently the 'ssl' module is compiled with 'LibreSSL 2.8.3'. See: https://github.com/urllib3/urllib3/issues/3020
  warnings.warn(
Fetching latest data from API...
Found 5789 records from data base.
Found 384 newly updated records.
Saved 5789 all trades to /Users/smithkwon/.openclaw/workspace/dailypriceup/data/daily_lists/all_trade_2026_07_14.json
Saved 384 new trades to /Users/smithkwon/.openclaw/workspace/dailypriceup/data/daily_lists/new_trade_2026_07_14.json
Saved 127 ATH records to /Users/smithkwon/.openclaw/workspace/dailypriceup/data/daily_lists/ath_list_2026_07_14.json
Inserted 384 records into DB. Found 127 ATH records.
Image saved to /Users/smithkwon/.openclaw/workspace/dailypriceup/data/daily_shorts_rate.png
Image saved to /Users/smithkwon/.openclaw/workspace/dailypriceup/data/daily_shorts_amount.png
Image saved to /Users/smithkwon/.openclaw/workspace/dailypriceup/data/daily_shorts_lowest.png
Today is Tuesday, using BGM: Tuesday.mp3
Image saved to /Users/smithkwon/.openclaw/workspace/dailypriceup/data/daily_shorts_top10.png
Generating 16-second Shorts video (including Top 10)...
Video generation complete: daily_shorts_final.mp4
/Users/smithkwon/Library/Python/3.9/lib/python/site-packages/urllib3/__init__.py:35: NotOpenSSLWarning: urllib3 v2 only supports OpenSSL 1.1.1+, currently the 'ssl' module is compiled with 'LibreSSL 2.8.3'. See: https://github.com/urllib3/urllib3/issues/3020
  warnings.warn(
Found 0 records from data base.
Found 0 newly updated records.
Loaded 384 records from /Users/smithkwon/.openclaw/workspace/dailypriceup/data/daily_lists/new_trade_2026_07_14.json
No ATH file found at /Users/smithkwon/.openclaw/workspace/dailypriceup/data/daily_lists/low_ath_list_2026_07_14.json; no ATH records to process.
Image saved to /Users/smithkwon/.openclaw/workspace/dailypriceup/data/daily_shorts_rate_low.png
Image saved to /Users/smithkwon/.openclaw/workspace/dailypriceup/data/daily_shorts_amount_low.png
Image saved to /Users/smithkwon/.openclaw/workspace/dailypriceup/data/daily_shorts_lowest_low.png
Today is Tuesday, using BGM: Tuesday.mp3
Image saved to /Users/smithkwon/.openclaw/workspace/dailypriceup/data/daily_shorts_bottom10.png
Generating 16-second Shorts video (including Bottom 10)...
Video generation complete: daily_shorts_final_low.mp4
Starting YouTube upload at Tue Jul 14 08:11:29 KST 2026
/Users/smithkwon/Library/Python/3.9/lib/python/site-packages/google/api_core/_python_version_support.py:242: FutureWarning: You are using a non-supported Python version (3.9.6). Google will not post any further updates to google.api_core supporting this Python version. Please upgrade to the latest Python version, or at least Python 3.10, and then update google.api_core.
  warnings.warn(message, FutureWarning)
/Users/smithkwon/Library/Python/3.9/lib/python/site-packages/google/auth/__init__.py:54: FutureWarning: You are using a Python version 3.9 past its end of life. Google will update google-auth with critical bug fixes on a best-effort basis, but not with any other fixes or features. Please upgrade your Python version, and then update google-auth.
  warnings.warn(eol_message.format("3.9"), FutureWarning)
/Users/smithkwon/Library/Python/3.9/lib/python/site-packages/google/oauth2/__init__.py:40: FutureWarning: You are using a Python version 3.9 past its end of life. Google will update google-auth with critical bug fixes on a best-effort basis, but not with any other fixes or features. Please upgrade your Python version, and then update google-auth.
  warnings.warn(eol_message.format("3.9"), FutureWarning)
/Users/smithkwon/Library/Python/3.9/lib/python/site-packages/urllib3/__init__.py:35: NotOpenSSLWarning: urllib3 v2 only supports OpenSSL 1.1.1+, currently the 'ssl' module is compiled with 'LibreSSL 2.8.3'. See: https://github.com/urllib3/urllib3/issues/3020
  warnings.warn(
Uploading video to YouTube...
=== Upload Complete! ===
Video ID: KRVUySBHZh8
URL: https://youtu.be/KRVUySBHZh8
/Users/smithkwon/Library/Python/3.9/lib/python/site-packages/google/api_core/_python_version_support.py:242: FutureWarning: You are using a non-supported Python version (3.9.6). Google will not post any further updates to google.api_core supporting this Python version. Please upgrade to the latest Python version, or at least Python 3.10, and then update google.api_core.
  warnings.warn(message, FutureWarning)
/Users/smithkwon/Library/Python/3.9/lib/python/site-packages/google/auth/__init__.py:54: FutureWarning: You are using a Python version 3.9 past its end of life. Google will update google-auth with critical bug fixes on a best-effort basis, but not with any other fixes or features. Please upgrade your Python version, and then update google-auth.
  warnings.warn(eol_message.format("3.9"), FutureWarning)
/Users/smithkwon/Library/Python/3.9/lib/python/site-packages/google/oauth2/__init__.py:40: FutureWarning: You are using a Python version 3.9 past its end of life. Google will update google-auth with critical bug fixes on a best-effort basis, but not with any other fixes or features. Please upgrade your Python version, and then update google-auth.
  warnings.warn(eol_message.format("3.9"), FutureWarning)
/Users/smithkwon/Library/Python/3.9/lib/python/site-packages/urllib3/__init__.py:35: NotOpenSSLWarning: urllib3 v2 only supports OpenSSL 1.1.1+, currently the 'ssl' module is compiled with 'LibreSSL 2.8.3'. See: https://github.com/urllib3/urllib3/issues/3020
  warnings.warn(
Uploading video to YouTube...
=== Upload Complete! ===
Video ID: yhrXo1CRwxA
URL: https://youtu.be/yhrXo1CRwxA
All tasks completed successfully at Tue Jul 14 08:11:36 KST 2026
Starting daily price check and video generation at Wed Jul 15 08:10:00 KST 2026
/Users/smithkwon/Library/Python/3.9/lib/python/site-packages/urllib3/__init__.py:35: NotOpenSSLWarning: urllib3 v2 only supports OpenSSL 1.1.1+, currently the 'ssl' module is compiled with 'LibreSSL 2.8.3'. See: https://github.com/urllib3/urllib3/issues/3020
  warnings.warn(
Fetching latest data from API...
Found 4701 records from data base.
Found 565 newly updated records.
Saved 4701 all trades to /Users/smithkwon/.openclaw/workspace/dailypriceup/data/daily_lists/all_trade_2026_07_15.json
Saved 565 new trades to /Users/smithkwon/.openclaw/workspace/dailypriceup/data/daily_lists/new_trade_2026_07_15.json
Saved 106 ATH records to /Users/smithkwon/.openclaw/workspace/dailypriceup/data/daily_lists/ath_list_2026_07_15.json
Inserted 565 records into DB. Found 106 ATH records.
Image saved to /Users/smithkwon/.openclaw/workspace/dailypriceup/data/daily_shorts_rate.png
Image saved to /Users/smithkwon/.openclaw/workspace/dailypriceup/data/daily_shorts_amount.png
Image saved to /Users/smithkwon/.openclaw/workspace/dailypriceup/data/daily_shorts_lowest.png
Today is Wednesday, using BGM: Wednesday.mp3
Image saved to /Users/smithkwon/.openclaw/workspace/dailypriceup/data/daily_shorts_top10.png
Generating 16-second Shorts video (including Top 10)...
Video generation complete: daily_shorts_final.mp4
/Users/smithkwon/Library/Python/3.9/lib/python/site-packages/urllib3/__init__.py:35: NotOpenSSLWarning: urllib3 v2 only supports OpenSSL 1.1.1+, currently the 'ssl' module is compiled with 'LibreSSL 2.8.3'. See: https://github.com/urllib3/urllib3/issues/3020
  warnings.warn(
Found 0 records from data base.
Found 0 newly updated records.
Loaded 565 records from /Users/smithkwon/.openclaw/workspace/dailypriceup/data/daily_lists/new_trade_2026_07_15.json
No ATH file found at /Users/smithkwon/.openclaw/workspace/dailypriceup/data/daily_lists/low_ath_list_2026_07_15.json; no ATH records to process.
Image saved to /Users/smithkwon/.openclaw/workspace/dailypriceup/data/daily_shorts_rate_low.png
Image saved to /Users/smithkwon/.openclaw/workspace/dailypriceup/data/daily_shorts_amount_low.png
Image saved to /Users/smithkwon/.openclaw/workspace/dailypriceup/data/daily_shorts_lowest_low.png
Today is Wednesday, using BGM: Wednesday.mp3
Image saved to /Users/smithkwon/.openclaw/workspace/dailypriceup/data/daily_shorts_bottom10.png
Generating 16-second Shorts video (including Bottom 10)...
Video generation complete: daily_shorts_final_low.mp4
Starting YouTube upload at Wed Jul 15 08:12:59 KST 2026
/Users/smithkwon/Library/Python/3.9/lib/python/site-packages/google/api_core/_python_version_support.py:242: FutureWarning: You are using a non-supported Python version (3.9.6). Google will not post any further updates to google.api_core supporting this Python version. Please upgrade to the latest Python version, or at least Python 3.10, and then update google.api_core.
  warnings.warn(message, FutureWarning)
/Users/smithkwon/Library/Python/3.9/lib/python/site-packages/google/auth/__init__.py:54: FutureWarning: You are using a Python version 3.9 past its end of life. Google will update google-auth with critical bug fixes on a best-effort basis, but not with any other fixes or features. Please upgrade your Python version, and then update google-auth.
  warnings.warn(eol_message.format("3.9"), FutureWarning)
/Users/smithkwon/Library/Python/3.9/lib/python/site-packages/google/oauth2/__init__.py:40: FutureWarning: You are using a Python version 3.9 past its end of life. Google will update google-auth with critical bug fixes on a best-effort basis, but not with any other fixes or features. Please upgrade your Python version, and then update google-auth.
  warnings.warn(eol_message.format("3.9"), FutureWarning)
/Users/smithkwon/Library/Python/3.9/lib/python/site-packages/urllib3/__init__.py:35: NotOpenSSLWarning: urllib3 v2 only supports OpenSSL 1.1.1+, currently the 'ssl' module is compiled with 'LibreSSL 2.8.3'. See: https://github.com/urllib3/urllib3/issues/3020
  warnings.warn(
Uploading video to YouTube...
=== Upload Complete! ===
Video ID: 6eOa-FXlMyQ
URL: https://youtu.be/6eOa-FXlMyQ
/Users/smithkwon/Library/Python/3.9/lib/python/site-packages/google/api_core/_python_version_support.py:242: FutureWarning: You are using a non-supported Python version (3.9.6). Google will not post any further updates to google.api_core supporting this Python version. Please upgrade to the latest Python version, or at least Python 3.10, and then update google.api_core.
  warnings.warn(message, FutureWarning)
/Users/smithkwon/Library/Python/3.9/lib/python/site-packages/google/auth/__init__.py:54: FutureWarning: You are using a Python version 3.9 past its end of life. Google will update google-auth with critical bug fixes on a best-effort basis, but not with any other fixes or features. Please upgrade your Python version, and then update google-auth.
  warnings.warn(eol_message.format("3.9"), FutureWarning)
/Users/smithkwon/Library/Python/3.9/lib/python/site-packages/google/oauth2/__init__.py:40: FutureWarning: You are using a Python version 3.9 past its end of life. Google will update google-auth with critical bug fixes on a best-effort basis, but not with any other fixes or features. Please upgrade your Python version, and then update google-auth.
  warnings.warn(eol_message.format("3.9"), FutureWarning)
/Users/smithkwon/Library/Python/3.9/lib/python/site-packages/urllib3/__init__.py:35: NotOpenSSLWarning: urllib3 v2 only supports OpenSSL 1.1.1+, currently the 'ssl' module is compiled with 'LibreSSL 2.8.3'. See: https://github.com/urllib3/urllib3/issues/3020
  warnings.warn(
Uploading video to YouTube...
=== Upload Complete! ===
Video ID: KvqrLhIZn9A
URL: https://youtu.be/KvqrLhIZn9A
All tasks completed successfully at Wed Jul 15 08:13:06 KST 2026
Starting daily price check and video generation at Thu Jul 16 08:10:00 KST 2026
/Users/smithkwon/Library/Python/3.9/lib/python/site-packages/urllib3/__init__.py:35: NotOpenSSLWarning: urllib3 v2 only supports OpenSSL 1.1.1+, currently the 'ssl' module is compiled with 'LibreSSL 2.8.3'. See: https://github.com/urllib3/urllib3/issues/3020
  warnings.warn(
Fetching latest data from API...
Found 6655 records from data base.
Found 298 newly updated records.
Saved 6655 all trades to /Users/smithkwon/.openclaw/workspace/dailypriceup/data/daily_lists/all_trade_2026_07_16.json
Saved 298 new trades to /Users/smithkwon/.openclaw/workspace/dailypriceup/data/daily_lists/new_trade_2026_07_16.json
Saved 104 ATH records to /Users/smithkwon/.openclaw/workspace/dailypriceup/data/daily_lists/ath_list_2026_07_16.json
Inserted 298 records into DB. Found 104 ATH records.
Image saved to /Users/smithkwon/.openclaw/workspace/dailypriceup/data/daily_shorts_rate.png
Image saved to /Users/smithkwon/.openclaw/workspace/dailypriceup/data/daily_shorts_amount.png
Image saved to /Users/smithkwon/.openclaw/workspace/dailypriceup/data/daily_shorts_lowest.png
Today is Thursday, using BGM: Thursday.mp3
Image saved to /Users/smithkwon/.openclaw/workspace/dailypriceup/data/daily_shorts_top10.png
Generating 16-second Shorts video (including Top 10)...
Video generation complete: daily_shorts_final.mp4
/Users/smithkwon/Library/Python/3.9/lib/python/site-packages/urllib3/__init__.py:35: NotOpenSSLWarning: urllib3 v2 only supports OpenSSL 1.1.1+, currently the 'ssl' module is compiled with 'LibreSSL 2.8.3'. See: https://github.com/urllib3/urllib3/issues/3020
  warnings.warn(
Found 0 records from data base.
Found 0 newly updated records.
Loaded 298 records from /Users/smithkwon/.openclaw/workspace/dailypriceup/data/daily_lists/new_trade_2026_07_16.json
No ATH file found at /Users/smithkwon/.openclaw/workspace/dailypriceup/data/daily_lists/low_ath_list_2026_07_16.json; no ATH records to process.
Image saved to /Users/smithkwon/.openclaw/workspace/dailypriceup/data/daily_shorts_rate_low.png
Image saved to /Users/smithkwon/.openclaw/workspace/dailypriceup/data/daily_shorts_amount_low.png
Image saved to /Users/smithkwon/.openclaw/workspace/dailypriceup/data/daily_shorts_lowest_low.png
Today is Thursday, using BGM: Thursday.mp3
Image saved to /Users/smithkwon/.openclaw/workspace/dailypriceup/data/daily_shorts_bottom10.png
Generating 16-second Shorts video (including Bottom 10)...
Video generation complete: daily_shorts_final_low.mp4
Starting YouTube upload at Thu Jul 16 08:11:12 KST 2026
/Users/smithkwon/Library/Python/3.9/lib/python/site-packages/google/api_core/_python_version_support.py:242: FutureWarning: You are using a non-supported Python version (3.9.6). Google will not post any further updates to google.api_core supporting this Python version. Please upgrade to the latest Python version, or at least Python 3.10, and then update google.api_core.
  warnings.warn(message, FutureWarning)
/Users/smithkwon/Library/Python/3.9/lib/python/site-packages/google/auth/__init__.py:54: FutureWarning: You are using a Python version 3.9 past its end of life. Google will update google-auth with critical bug fixes on a best-effort basis, but not with any other fixes or features. Please upgrade your Python version, and then update google-auth.
  warnings.warn(eol_message.format("3.9"), FutureWarning)
/Users/smithkwon/Library/Python/3.9/lib/python/site-packages/google/oauth2/__init__.py:40: FutureWarning: You are using a Python version 3.9 past its end of life. Google will update google-auth with critical bug fixes on a best-effort basis, but not with any other fixes or features. Please upgrade your Python version, and then update google-auth.
  warnings.warn(eol_message.format("3.9"), FutureWarning)
/Users/smithkwon/Library/Python/3.9/lib/python/site-packages/urllib3/__init__.py:35: NotOpenSSLWarning: urllib3 v2 only supports OpenSSL 1.1.1+, currently the 'ssl' module is compiled with 'LibreSSL 2.8.3'. See: https://github.com/urllib3/urllib3/issues/3020
  warnings.warn(
Uploading video to YouTube...
=== Upload Complete! ===
Video ID: hA4wMZm1eXs
URL: https://youtu.be/hA4wMZm1eXs
/Users/smithkwon/Library/Python/3.9/lib/python/site-packages/google/api_core/_python_version_support.py:242: FutureWarning: You are using a non-supported Python version (3.9.6). Google will not post any further updates to google.api_core supporting this Python version. Please upgrade to the latest Python version, or at least Python 3.10, and then update google.api_core.
  warnings.warn(message, FutureWarning)
/Users/smithkwon/Library/Python/3.9/lib/python/site-packages/google/auth/__init__.py:54: FutureWarning: You are using a Python version 3.9 past its end of life. Google will update google-auth with critical bug fixes on a best-effort basis, but not with any other fixes or features. Please upgrade your Python version, and then update google-auth.
  warnings.warn(eol_message.format("3.9"), FutureWarning)
/Users/smithkwon/Library/Python/3.9/lib/python/site-packages/google/oauth2/__init__.py:40: FutureWarning: You are using a Python version 3.9 past its end of life. Google will update google-auth with critical bug fixes on a best-effort basis, but not with any other fixes or features. Please upgrade your Python version, and then update google-auth.
  warnings.warn(eol_message.format("3.9"), FutureWarning)
/Users/smithkwon/Library/Python/3.9/lib/python/site-packages/urllib3/__init__.py:35: NotOpenSSLWarning: urllib3 v2 only supports OpenSSL 1.1.1+, currently the 'ssl' module is compiled with 'LibreSSL 2.8.3'. See: https://github.com/urllib3/urllib3/issues/3020
  warnings.warn(
Uploading video to YouTube...
=== Upload Complete! ===
Video ID: -Zb-1lpc-V8
URL: https://youtu.be/-Zb-1lpc-V8
All tasks completed successfully at Thu Jul 16 08:11:20 KST 2026
Starting daily price check and video generation at Fri Jul 17 08:10:01 KST 2026
/Users/smithkwon/Library/Python/3.9/lib/python/site-packages/urllib3/__init__.py:35: NotOpenSSLWarning: urllib3 v2 only supports OpenSSL 1.1.1+, currently the 'ssl' module is compiled with 'LibreSSL 2.8.3'. See: https://github.com/urllib3/urllib3/issues/3020
  warnings.warn(
Fetching latest data from API...
Found 6982 records from data base.
Found 313 newly updated records.
Saved 6982 all trades to /Users/smithkwon/.openclaw/workspace/dailypriceup/data/daily_lists/all_trade_2026_07_17.json
Saved 313 new trades to /Users/smithkwon/.openclaw/workspace/dailypriceup/data/daily_lists/new_trade_2026_07_17.json
Saved 100 ATH records to /Users/smithkwon/.openclaw/workspace/dailypriceup/data/daily_lists/ath_list_2026_07_17.json
Inserted 313 records into DB. Found 100 ATH records.
Image saved to /Users/smithkwon/.openclaw/workspace/dailypriceup/data/daily_shorts_rate.png
Image saved to /Users/smithkwon/.openclaw/workspace/dailypriceup/data/daily_shorts_amount.png
Image saved to /Users/smithkwon/.openclaw/workspace/dailypriceup/data/daily_shorts_lowest.png
Today is Friday, using BGM: Friday.mp3
Image saved to /Users/smithkwon/.openclaw/workspace/dailypriceup/data/daily_shorts_top10.png
Generating 16-second Shorts video (including Top 10)...
Video generation complete: daily_shorts_final.mp4
/Users/smithkwon/Library/Python/3.9/lib/python/site-packages/urllib3/__init__.py:35: NotOpenSSLWarning: urllib3 v2 only supports OpenSSL 1.1.1+, currently the 'ssl' module is compiled with 'LibreSSL 2.8.3'. See: https://github.com/urllib3/urllib3/issues/3020
  warnings.warn(
Found 0 records from data base.
Found 0 newly updated records.
Loaded 313 records from /Users/smithkwon/.openclaw/workspace/dailypriceup/data/daily_lists/new_trade_2026_07_17.json
No ATH file found at /Users/smithkwon/.openclaw/workspace/dailypriceup/data/daily_lists/low_ath_list_2026_07_17.json; no ATH records to process.
Image saved to /Users/smithkwon/.openclaw/workspace/dailypriceup/data/daily_shorts_rate_low.png
Image saved to /Users/smithkwon/.openclaw/workspace/dailypriceup/data/daily_shorts_amount_low.png
Image saved to /Users/smithkwon/.openclaw/workspace/dailypriceup/data/daily_shorts_lowest_low.png
Today is Friday, using BGM: Friday.mp3
Image saved to /Users/smithkwon/.openclaw/workspace/dailypriceup/data/daily_shorts_bottom10.png
Generating 16-second Shorts video (including Bottom 10)...
Video generation complete: daily_shorts_final_low.mp4
Starting YouTube upload at Fri Jul 17 08:11:46 KST 2026
/Users/smithkwon/Library/Python/3.9/lib/python/site-packages/google/api_core/_python_version_support.py:242: FutureWarning: You are using a non-supported Python version (3.9.6). Google will not post any further updates to google.api_core supporting this Python version. Please upgrade to the latest Python version, or at least Python 3.10, and then update google.api_core.
  warnings.warn(message, FutureWarning)
/Users/smithkwon/Library/Python/3.9/lib/python/site-packages/google/auth/__init__.py:54: FutureWarning: You are using a Python version 3.9 past its end of life. Google will update google-auth with critical bug fixes on a best-effort basis, but not with any other fixes or features. Please upgrade your Python version, and then update google-auth.
  warnings.warn(eol_message.format("3.9"), FutureWarning)
/Users/smithkwon/Library/Python/3.9/lib/python/site-packages/google/oauth2/__init__.py:40: FutureWarning: You are using a Python version 3.9 past its end of life. Google will update google-auth with critical bug fixes on a best-effort basis, but not with any other fixes or features. Please upgrade your Python version, and then update google-auth.
  warnings.warn(eol_message.format("3.9"), FutureWarning)
/Users/smithkwon/Library/Python/3.9/lib/python/site-packages/urllib3/__init__.py:35: NotOpenSSLWarning: urllib3 v2 only supports OpenSSL 1.1.1+, currently the 'ssl' module is compiled with 'LibreSSL 2.8.3'. See: https://github.com/urllib3/urllib3/issues/3020
  warnings.warn(
Uploading video to YouTube...
=== Upload Complete! ===
Video ID: uuw8F5VzENU
URL: https://youtu.be/uuw8F5VzENU
/Users/smithkwon/Library/Python/3.9/lib/python/site-packages/google/api_core/_python_version_support.py:242: FutureWarning: You are using a non-supported Python version (3.9.6). Google will not post any further updates to google.api_core supporting this Python version. Please upgrade to the latest Python version, or at least Python 3.10, and then update google.api_core.
  warnings.warn(message, FutureWarning)
/Users/smithkwon/Library/Python/3.9/lib/python/site-packages/google/auth/__init__.py:54: FutureWarning: You are using a Python version 3.9 past its end of life. Google will update google-auth with critical bug fixes on a best-effort basis, but not with any other fixes or features. Please upgrade your Python version, and then update google-auth.
  warnings.warn(eol_message.format("3.9"), FutureWarning)
/Users/smithkwon/Library/Python/3.9/lib/python/site-packages/google/oauth2/__init__.py:40: FutureWarning: You are using a Python version 3.9 past its end of life. Google will update google-auth with critical bug fixes on a best-effort basis, but not with any other fixes or features. Please upgrade your Python version, and then update google-auth.
  warnings.warn(eol_message.format("3.9"), FutureWarning)
/Users/smithkwon/Library/Python/3.9/lib/python/site-packages/urllib3/__init__.py:35: NotOpenSSLWarning: urllib3 v2 only supports OpenSSL 1.1.1+, currently the 'ssl' module is compiled with 'LibreSSL 2.8.3'. See: https://github.com/urllib3/urllib3/issues/3020
  warnings.warn(
Uploading video to YouTube...
=== Upload Complete! ===
Video ID: KJ-0rjwvBtY
URL: https://youtu.be/KJ-0rjwvBtY
All tasks completed successfully at Fri Jul 17 08:11:54 KST 2026
Starting daily price check and video generation at Sat Jul 18 08:10:00 KST 2026
/Users/smithkwon/Library/Python/3.9/lib/python/site-packages/urllib3/__init__.py:35: NotOpenSSLWarning: urllib3 v2 only supports OpenSSL 1.1.1+, currently the 'ssl' module is compiled with 'LibreSSL 2.8.3'. See: https://github.com/urllib3/urllib3/issues/3020
  warnings.warn(
Fetching latest data from API...
Found 6992 records from data base.
Found 10 newly updated records.
Saved 6992 all trades to /Users/smithkwon/.openclaw/workspace/dailypriceup/data/daily_lists/all_trade_2026_07_18.json
Saved 10 new trades to /Users/smithkwon/.openclaw/workspace/dailypriceup/data/daily_lists/new_trade_2026_07_18.json
Saved 2 ATH records to /Users/smithkwon/.openclaw/workspace/dailypriceup/data/daily_lists/ath_list_2026_07_18.json
Inserted 10 records into DB. Found 2 ATH records.
Image saved to /Users/smithkwon/.openclaw/workspace/dailypriceup/data/daily_shorts_rate.png
Image saved to /Users/smithkwon/.openclaw/workspace/dailypriceup/data/daily_shorts_amount.png
Image saved to /Users/smithkwon/.openclaw/workspace/dailypriceup/data/daily_shorts_lowest.png
Today is Saturday, using BGM: Saturday.mp3
Image saved to /Users/smithkwon/.openclaw/workspace/dailypriceup/data/daily_shorts_top10.png
Generating 16-second Shorts video (including Top 10)...
Video generation complete: daily_shorts_final.mp4
/Users/smithkwon/Library/Python/3.9/lib/python/site-packages/urllib3/__init__.py:35: NotOpenSSLWarning: urllib3 v2 only supports OpenSSL 1.1.1+, currently the 'ssl' module is compiled with 'LibreSSL 2.8.3'. See: https://github.com/urllib3/urllib3/issues/3020
  warnings.warn(
Found 0 records from data base.
Found 0 newly updated records.
Loaded 10 records from /Users/smithkwon/.openclaw/workspace/dailypriceup/data/daily_lists/new_trade_2026_07_18.json
No ATH file found at /Users/smithkwon/.openclaw/workspace/dailypriceup/data/daily_lists/low_ath_list_2026_07_18.json; no ATH records to process.
Image saved to /Users/smithkwon/.openclaw/workspace/dailypriceup/data/daily_shorts_rate_low.png
Image saved to /Users/smithkwon/.openclaw/workspace/dailypriceup/data/daily_shorts_amount_low.png
Image saved to /Users/smithkwon/.openclaw/workspace/dailypriceup/data/daily_shorts_lowest_low.png
Today is Saturday, using BGM: Saturday.mp3
Image saved to /Users/smithkwon/.openclaw/workspace/dailypriceup/data/daily_shorts_bottom10.png
Generating 16-second Shorts video (including Bottom 10)...
Video generation complete: daily_shorts_final_low.mp4
Starting YouTube upload at Sat Jul 18 08:12:26 KST 2026
/Users/smithkwon/Library/Python/3.9/lib/python/site-packages/google/api_core/_python_version_support.py:242: FutureWarning: You are using a non-supported Python version (3.9.6). Google will not post any further updates to google.api_core supporting this Python version. Please upgrade to the latest Python version, or at least Python 3.10, and then update google.api_core.
  warnings.warn(message, FutureWarning)
/Users/smithkwon/Library/Python/3.9/lib/python/site-packages/google/auth/__init__.py:54: FutureWarning: You are using a Python version 3.9 past its end of life. Google will update google-auth with critical bug fixes on a best-effort basis, but not with any other fixes or features. Please upgrade your Python version, and then update google-auth.
  warnings.warn(eol_message.format("3.9"), FutureWarning)
/Users/smithkwon/Library/Python/3.9/lib/python/site-packages/google/oauth2/__init__.py:40: FutureWarning: You are using a Python version 3.9 past its end of life. Google will update google-auth with critical bug fixes on a best-effort basis, but not with any other fixes or features. Please upgrade your Python version, and then update google-auth.
  warnings.warn(eol_message.format("3.9"), FutureWarning)
/Users/smithkwon/Library/Python/3.9/lib/python/site-packages/urllib3/__init__.py:35: NotOpenSSLWarning: urllib3 v2 only supports OpenSSL 1.1.1+, currently the 'ssl' module is compiled with 'LibreSSL 2.8.3'. See: https://github.com/urllib3/urllib3/issues/3020
  warnings.warn(
Uploading video to YouTube...
=== Upload Complete! ===
Video ID: RWVcRJPRC_w
URL: https://youtu.be/RWVcRJPRC_w
/Users/smithkwon/Library/Python/3.9/lib/python/site-packages/google/api_core/_python_version_support.py:242: FutureWarning: You are using a non-supported Python version (3.9.6). Google will not post any further updates to google.api_core supporting this Python version. Please upgrade to the latest Python version, or at least Python 3.10, and then update google.api_core.
  warnings.warn(message, FutureWarning)
/Users/smithkwon/Library/Python/3.9/lib/python/site-packages/google/auth/__init__.py:54: FutureWarning: You are using a Python version 3.9 past its end of life. Google will update google-auth with critical bug fixes on a best-effort basis, but not with any other fixes or features. Please upgrade your Python version, and then update google-auth.
  warnings.warn(eol_message.format("3.9"), FutureWarning)
/Users/smithkwon/Library/Python/3.9/lib/python/site-packages/google/oauth2/__init__.py:40: FutureWarning: You are using a Python version 3.9 past its end of life. Google will update google-auth with critical bug fixes on a best-effort basis, but not with any other fixes or features. Please upgrade your Python version, and then update google-auth.
  warnings.warn(eol_message.format("3.9"), FutureWarning)
/Users/smithkwon/Library/Python/3.9/lib/python/site-packages/urllib3/__init__.py:35: NotOpenSSLWarning: urllib3 v2 only supports OpenSSL 1.1.1+, currently the 'ssl' module is compiled with 'LibreSSL 2.8.3'. See: https://github.com/urllib3/urllib3/issues/3020
  warnings.warn(
Uploading video to YouTube...
=== Upload Complete! ===
Video ID: 2Jn0naqge4c
URL: https://youtu.be/2Jn0naqge4c
All tasks completed successfully at Sat Jul 18 08:12:34 KST 2026
Starting daily price check and video generation at Sun Jul 19 08:10:00 KST 2026
/Users/smithkwon/Library/Python/3.9/lib/python/site-packages/urllib3/__init__.py:35: NotOpenSSLWarning: urllib3 v2 only supports OpenSSL 1.1.1+, currently the 'ssl' module is compiled with 'LibreSSL 2.8.3'. See: https://github.com/urllib3/urllib3/issues/3020
  warnings.warn(
Fetching latest data from API...
Found 7012 records from data base.
Found 22 newly updated records.
Saved 7012 all trades to /Users/smithkwon/.openclaw/workspace/dailypriceup/data/daily_lists/all_trade_2026_07_19.json
Saved 22 new trades to /Users/smithkwon/.openclaw/workspace/dailypriceup/data/daily_lists/new_trade_2026_07_19.json
Saved 7 ATH records to /Users/smithkwon/.openclaw/workspace/dailypriceup/data/daily_lists/ath_list_2026_07_19.json
Inserted 22 records into DB. Found 7 ATH records.
Image saved to /Users/smithkwon/.openclaw/workspace/dailypriceup/data/daily_shorts_rate.png
Image saved to /Users/smithkwon/.openclaw/workspace/dailypriceup/data/daily_shorts_amount.png
Image saved to /Users/smithkwon/.openclaw/workspace/dailypriceup/data/daily_shorts_lowest.png
Today is Sunday, using BGM: Sunday.mp3
Image saved to /Users/smithkwon/.openclaw/workspace/dailypriceup/data/daily_shorts_top10.png
Generating 16-second Shorts video (including Top 10)...
Video generation complete: daily_shorts_final.mp4
/Users/smithkwon/Library/Python/3.9/lib/python/site-packages/urllib3/__init__.py:35: NotOpenSSLWarning: urllib3 v2 only supports OpenSSL 1.1.1+, currently the 'ssl' module is compiled with 'LibreSSL 2.8.3'. See: https://github.com/urllib3/urllib3/issues/3020
  warnings.warn(
Found 0 records from data base.
Found 0 newly updated records.
Loaded 22 records from /Users/smithkwon/.openclaw/workspace/dailypriceup/data/daily_lists/new_trade_2026_07_19.json
No ATH file found at /Users/smithkwon/.openclaw/workspace/dailypriceup/data/daily_lists/low_ath_list_2026_07_19.json; no ATH records to process.
Image saved to /Users/smithkwon/.openclaw/workspace/dailypriceup/data/daily_shorts_rate_low.png
Image saved to /Users/smithkwon/.openclaw/workspace/dailypriceup/data/daily_shorts_amount_low.png
Image saved to /Users/smithkwon/.openclaw/workspace/dailypriceup/data/daily_shorts_lowest_low.png
Today is Sunday, using BGM: Sunday.mp3
Image saved to /Users/smithkwon/.openclaw/workspace/dailypriceup/data/daily_shorts_bottom10.png
Generating 16-second Shorts video (including Bottom 10)...
Video generation complete: daily_shorts_final_low.mp4
Starting YouTube upload at Sun Jul 19 08:11:02 KST 2026
/Users/smithkwon/Library/Python/3.9/lib/python/site-packages/google/api_core/_python_version_support.py:242: FutureWarning: You are using a non-supported Python version (3.9.6). Google will not post any further updates to google.api_core supporting this Python version. Please upgrade to the latest Python version, or at least Python 3.10, and then update google.api_core.
  warnings.warn(message, FutureWarning)
/Users/smithkwon/Library/Python/3.9/lib/python/site-packages/google/auth/__init__.py:54: FutureWarning: You are using a Python version 3.9 past its end of life. Google will update google-auth with critical bug fixes on a best-effort basis, but not with any other fixes or features. Please upgrade your Python version, and then update google-auth.
  warnings.warn(eol_message.format("3.9"), FutureWarning)
/Users/smithkwon/Library/Python/3.9/lib/python/site-packages/google/oauth2/__init__.py:40: FutureWarning: You are using a Python version 3.9 past its end of life. Google will update google-auth with critical bug fixes on a best-effort basis, but not with any other fixes or features. Please upgrade your Python version, and then update google-auth.
  warnings.warn(eol_message.format("3.9"), FutureWarning)
/Users/smithkwon/Library/Python/3.9/lib/python/site-packages/urllib3/__init__.py:35: NotOpenSSLWarning: urllib3 v2 only supports OpenSSL 1.1.1+, currently the 'ssl' module is compiled with 'LibreSSL 2.8.3'. See: https://github.com/urllib3/urllib3/issues/3020
  warnings.warn(
Uploading video to YouTube...
=== Upload Complete! ===
Video ID: T_mNjyWwl4Q
URL: https://youtu.be/T_mNjyWwl4Q
/Users/smithkwon/Library/Python/3.9/lib/python/site-packages/google/api_core/_python_version_support.py:242: FutureWarning: You are using a non-supported Python version (3.9.6). Google will not post any further updates to google.api_core supporting this Python version. Please upgrade to the latest Python version, or at least Python 3.10, and then update google.api_core.
  warnings.warn(message, FutureWarning)
/Users/smithkwon/Library/Python/3.9/lib/python/site-packages/google/auth/__init__.py:54: FutureWarning: You are using a Python version 3.9 past its end of life. Google will update google-auth with critical bug fixes on a best-effort basis, but not with any other fixes or features. Please upgrade your Python version, and then update google-auth.
  warnings.warn(eol_message.format("3.9"), FutureWarning)
/Users/smithkwon/Library/Python/3.9/lib/python/site-packages/google/oauth2/__init__.py:40: FutureWarning: You are using a Python version 3.9 past its end of life. Google will update google-auth with critical bug fixes on a best-effort basis, but not with any other fixes or features. Please upgrade your Python version, and then update google-auth.
  warnings.warn(eol_message.format("3.9"), FutureWarning)
/Users/smithkwon/Library/Python/3.9/lib/python/site-packages/urllib3/__init__.py:35: NotOpenSSLWarning: urllib3 v2 only supports OpenSSL 1.1.1+, currently the 'ssl' module is compiled with 'LibreSSL 2.8.3'. See: https://github.com/urllib3/urllib3/issues/3020
  warnings.warn(
Uploading video to YouTube...
=== Upload Complete! ===
Video ID: 2nL3zDcDusU
URL: https://youtu.be/2nL3zDcDusU
All tasks completed successfully at Sun Jul 19 08:11:11 KST 2026
Starting daily price check and video generation at Mon Jul 20 08:10:00 KST 2026
/Users/smithkwon/Library/Python/3.9/lib/python/site-packages/urllib3/__init__.py:35: NotOpenSSLWarning: urllib3 v2 only supports OpenSSL 1.1.1+, currently the 'ssl' module is compiled with 'LibreSSL 2.8.3'. See: https://github.com/urllib3/urllib3/issues/3020
  warnings.warn(
Fetching latest data from API...
Found 7021 records from data base.
Found 9 newly updated records.
Saved 7021 all trades to /Users/smithkwon/.openclaw/workspace/dailypriceup/data/daily_lists/all_trade_2026_07_20.json
Saved 9 new trades to /Users/smithkwon/.openclaw/workspace/dailypriceup/data/daily_lists/new_trade_2026_07_20.json
Saved 3 ATH records to /Users/smithkwon/.openclaw/workspace/dailypriceup/data/daily_lists/ath_list_2026_07_20.json
Inserted 9 records into DB. Found 3 ATH records.
Image saved to /Users/smithkwon/.openclaw/workspace/dailypriceup/data/daily_shorts_rate.png
Image saved to /Users/smithkwon/.openclaw/workspace/dailypriceup/data/daily_shorts_amount.png
Image saved to /Users/smithkwon/.openclaw/workspace/dailypriceup/data/daily_shorts_lowest.png
Today is Monday, using BGM: TechLive.mp3
Image saved to /Users/smithkwon/.openclaw/workspace/dailypriceup/data/daily_shorts_top10.png
Generating 16-second Shorts video (including Top 10)...
Video generation complete: daily_shorts_final.mp4
/Users/smithkwon/Library/Python/3.9/lib/python/site-packages/urllib3/__init__.py:35: NotOpenSSLWarning: urllib3 v2 only supports OpenSSL 1.1.1+, currently the 'ssl' module is compiled with 'LibreSSL 2.8.3'. See: https://github.com/urllib3/urllib3/issues/3020
  warnings.warn(
Found 0 records from data base.
Found 0 newly updated records.
Loaded 9 records from /Users/smithkwon/.openclaw/workspace/dailypriceup/data/daily_lists/new_trade_2026_07_20.json
No ATH file found at /Users/smithkwon/.openclaw/workspace/dailypriceup/data/daily_lists/low_ath_list_2026_07_20.json; no ATH records to process.
Image saved to /Users/smithkwon/.openclaw/workspace/dailypriceup/data/daily_shorts_rate_low.png
Image saved to /Users/smithkwon/.openclaw/workspace/dailypriceup/data/daily_shorts_amount_low.png
Image saved to /Users/smithkwon/.openclaw/workspace/dailypriceup/data/daily_shorts_lowest_low.png
Today is Monday, using BGM: TechLive.mp3
Image saved to /Users/smithkwon/.openclaw/workspace/dailypriceup/data/daily_shorts_bottom10.png
Generating 16-second Shorts video (including Bottom 10)...
Video generation complete: daily_shorts_final_low.mp4
Starting YouTube upload at Mon Jul 20 08:12:06 KST 2026
/Users/smithkwon/Library/Python/3.9/lib/python/site-packages/google/api_core/_python_version_support.py:242: FutureWarning: You are using a non-supported Python version (3.9.6). Google will not post any further updates to google.api_core supporting this Python version. Please upgrade to the latest Python version, or at least Python 3.10, and then update google.api_core.
  warnings.warn(message, FutureWarning)
/Users/smithkwon/Library/Python/3.9/lib/python/site-packages/google/auth/__init__.py:54: FutureWarning: You are using a Python version 3.9 past its end of life. Google will update google-auth with critical bug fixes on a best-effort basis, but not with any other fixes or features. Please upgrade your Python version, and then update google-auth.
  warnings.warn(eol_message.format("3.9"), FutureWarning)
/Users/smithkwon/Library/Python/3.9/lib/python/site-packages/google/oauth2/__init__.py:40: FutureWarning: You are using a Python version 3.9 past its end of life. Google will update google-auth with critical bug fixes on a best-effort basis, but not with any other fixes or features. Please upgrade your Python version, and then update google-auth.
  warnings.warn(eol_message.format("3.9"), FutureWarning)
/Users/smithkwon/Library/Python/3.9/lib/python/site-packages/urllib3/__init__.py:35: NotOpenSSLWarning: urllib3 v2 only supports OpenSSL 1.1.1+, currently the 'ssl' module is compiled with 'LibreSSL 2.8.3'. See: https://github.com/urllib3/urllib3/issues/3020
  warnings.warn(
Uploading video to YouTube...
=== Upload Complete! ===
Video ID: vviSfdRqWnQ
URL: https://youtu.be/vviSfdRqWnQ
/Users/smithkwon/Library/Python/3.9/lib/python/site-packages/google/api_core/_python_version_support.py:242: FutureWarning: You are using a non-supported Python version (3.9.6). Google will not post any further updates to google.api_core supporting this Python version. Please upgrade to the latest Python version, or at least Python 3.10, and then update google.api_core.
  warnings.warn(message, FutureWarning)
/Users/smithkwon/Library/Python/3.9/lib/python/site-packages/google/auth/__init__.py:54: FutureWarning: You are using a Python version 3.9 past its end of life. Google will update google-auth with critical bug fixes on a best-effort basis, but not with any other fixes or features. Please upgrade your Python version, and then update google-auth.
  warnings.warn(eol_message.format("3.9"), FutureWarning)
/Users/smithkwon/Library/Python/3.9/lib/python/site-packages/google/oauth2/__init__.py:40: FutureWarning: You are using a Python version 3.9 past its end of life. Google will update google-auth with critical bug fixes on a best-effort basis, but not with any other fixes or features. Please upgrade your Python version, and then update google-auth.
  warnings.warn(eol_message.format("3.9"), FutureWarning)
/Users/smithkwon/Library/Python/3.9/lib/python/site-packages/urllib3/__init__.py:35: NotOpenSSLWarning: urllib3 v2 only supports OpenSSL 1.1.1+, currently the 'ssl' module is compiled with 'LibreSSL 2.8.3'. See: https://github.com/urllib3/urllib3/issues/3020
  warnings.warn(
Uploading video to YouTube...
=== Upload Complete! ===
Video ID: wOCV-aaPOkc
URL: https://youtu.be/wOCV-aaPOkc
All tasks completed successfully at Mon Jul 20 08:12:13 KST 2026
Starting daily price check and video generation at Tue Jul 21 08:10:00 KST 2026
/Users/smithkwon/Library/Python/3.9/lib/python/site-packages/urllib3/__init__.py:35: NotOpenSSLWarning: urllib3 v2 only supports OpenSSL 1.1.1+, currently the 'ssl' module is compiled with 'LibreSSL 2.8.3'. See: https://github.com/urllib3/urllib3/issues/3020
  warnings.warn(
Fetching latest data from API...
Found 7379 records from data base.
Found 355 newly updated records.
Saved 7379 all trades to /Users/smithkwon/.openclaw/workspace/dailypriceup/data/daily_lists/all_trade_2026_07_21.json
Saved 355 new trades to /Users/smithkwon/.openclaw/workspace/dailypriceup/data/daily_lists/new_trade_2026_07_21.json
Saved 123 ATH records to /Users/smithkwon/.openclaw/workspace/dailypriceup/data/daily_lists/ath_list_2026_07_21.json
Inserted 355 records into DB. Found 123 ATH records.
Image saved to /Users/smithkwon/.openclaw/workspace/dailypriceup/data/daily_shorts_rate.png
Image saved to /Users/smithkwon/.openclaw/workspace/dailypriceup/data/daily_shorts_amount.png
Image saved to /Users/smithkwon/.openclaw/workspace/dailypriceup/data/daily_shorts_lowest.png
Today is Tuesday, using BGM: Tuesday.mp3
Image saved to /Users/smithkwon/.openclaw/workspace/dailypriceup/data/daily_shorts_top10.png
Generating 16-second Shorts video (including Top 10)...
Video generation complete: daily_shorts_final.mp4
/Users/smithkwon/Library/Python/3.9/lib/python/site-packages/urllib3/__init__.py:35: NotOpenSSLWarning: urllib3 v2 only supports OpenSSL 1.1.1+, currently the 'ssl' module is compiled with 'LibreSSL 2.8.3'. See: https://github.com/urllib3/urllib3/issues/3020
  warnings.warn(
Found 0 records from data base.
Found 0 newly updated records.
Loaded 355 records from /Users/smithkwon/.openclaw/workspace/dailypriceup/data/daily_lists/new_trade_2026_07_21.json
No ATH file found at /Users/smithkwon/.openclaw/workspace/dailypriceup/data/daily_lists/low_ath_list_2026_07_21.json; no ATH records to process.
Image saved to /Users/smithkwon/.openclaw/workspace/dailypriceup/data/daily_shorts_rate_low.png
Image saved to /Users/smithkwon/.openclaw/workspace/dailypriceup/data/daily_shorts_amount_low.png
Image saved to /Users/smithkwon/.openclaw/workspace/dailypriceup/data/daily_shorts_lowest_low.png
Today is Tuesday, using BGM: Tuesday.mp3
Image saved to /Users/smithkwon/.openclaw/workspace/dailypriceup/data/daily_shorts_bottom10.png
Generating 16-second Shorts video (including Bottom 10)...
Video generation complete: daily_shorts_final_low.mp4
Starting YouTube upload at Tue Jul 21 08:11:28 KST 2026
/Users/smithkwon/Library/Python/3.9/lib/python/site-packages/google/api_core/_python_version_support.py:242: FutureWarning: You are using a non-supported Python version (3.9.6). Google will not post any further updates to google.api_core supporting this Python version. Please upgrade to the latest Python version, or at least Python 3.10, and then update google.api_core.
  warnings.warn(message, FutureWarning)
/Users/smithkwon/Library/Python/3.9/lib/python/site-packages/google/auth/__init__.py:54: FutureWarning: You are using a Python version 3.9 past its end of life. Google will update google-auth with critical bug fixes on a best-effort basis, but not with any other fixes or features. Please upgrade your Python version, and then update google-auth.
  warnings.warn(eol_message.format("3.9"), FutureWarning)
/Users/smithkwon/Library/Python/3.9/lib/python/site-packages/google/oauth2/__init__.py:40: FutureWarning: You are using a Python version 3.9 past its end of life. Google will update google-auth with critical bug fixes on a best-effort basis, but not with any other fixes or features. Please upgrade your Python version, and then update google-auth.
  warnings.warn(eol_message.format("3.9"), FutureWarning)
/Users/smithkwon/Library/Python/3.9/lib/python/site-packages/urllib3/__init__.py:35: NotOpenSSLWarning: urllib3 v2 only supports OpenSSL 1.1.1+, currently the 'ssl' module is compiled with 'LibreSSL 2.8.3'. See: https://github.com/urllib3/urllib3/issues/3020
  warnings.warn(
Uploading video to YouTube...
=== Upload Complete! ===
Video ID: rLsNDp4cd-o
URL: https://youtu.be/rLsNDp4cd-o
/Users/smithkwon/Library/Python/3.9/lib/python/site-packages/google/api_core/_python_version_support.py:242: FutureWarning: You are using a non-supported Python version (3.9.6). Google will not post any further updates to google.api_core supporting this Python version. Please upgrade to the latest Python version, or at least Python 3.10, and then update google.api_core.
  warnings.warn(message, FutureWarning)
/Users/smithkwon/Library/Python/3.9/lib/python/site-packages/google/auth/__init__.py:54: FutureWarning: You are using a Python version 3.9 past its end of life. Google will update google-auth with critical bug fixes on a best-effort basis, but not with any other fixes or features. Please upgrade your Python version, and then update google-auth.
  warnings.warn(eol_message.format("3.9"), FutureWarning)
/Users/smithkwon/Library/Python/3.9/lib/python/site-packages/google/oauth2/__init__.py:40: FutureWarning: You are using a Python version 3.9 past its end of life. Google will update google-auth with critical bug fixes on a best-effort basis, but not with any other fixes or features. Please upgrade your Python version, and then update google-auth.
  warnings.warn(eol_message.format("3.9"), FutureWarning)
/Users/smithkwon/Library/Python/3.9/lib/python/site-packages/urllib3/__init__.py:35: NotOpenSSLWarning: urllib3 v2 only supports OpenSSL 1.1.1+, currently the 'ssl' module is compiled with 'LibreSSL 2.8.3'. See: https://github.com/urllib3/urllib3/issues/3020
  warnings.warn(
Uploading video to YouTube...
=== Upload Complete! ===
Video ID: 0U6LaRGXofQ
URL: https://youtu.be/0U6LaRGXofQ
All tasks completed successfully at Tue Jul 21 08:11:35 KST 2026
Starting daily price check and video generation at Wed Jul 22 08:10:00 KST 2026
/Users/smithkwon/Library/Python/3.9/lib/python/site-packages/urllib3/__init__.py:35: NotOpenSSLWarning: urllib3 v2 only supports OpenSSL 1.1.1+, currently the 'ssl' module is compiled with 'LibreSSL 2.8.3'. See: https://github.com/urllib3/urllib3/issues/3020
  warnings.warn(
Fetching latest data from API...
Found 7667 records from data base.
Found 278 newly updated records.
Saved 7667 all trades to /Users/smithkwon/.openclaw/workspace/dailypriceup/data/daily_lists/all_trade_2026_07_22.json
Saved 278 new trades to /Users/smithkwon/.openclaw/workspace/dailypriceup/data/daily_lists/new_trade_2026_07_22.json
Saved 100 ATH records to /Users/smithkwon/.openclaw/workspace/dailypriceup/data/daily_lists/ath_list_2026_07_22.json
Inserted 278 records into DB. Found 100 ATH records.
Image saved to /Users/smithkwon/.openclaw/workspace/dailypriceup/data/daily_shorts_rate.png
Image saved to /Users/smithkwon/.openclaw/workspace/dailypriceup/data/daily_shorts_amount.png
Image saved to /Users/smithkwon/.openclaw/workspace/dailypriceup/data/daily_shorts_lowest.png
Today is Wednesday, using BGM: Wednesday.mp3
Image saved to /Users/smithkwon/.openclaw/workspace/dailypriceup/data/daily_shorts_top10.png
Generating 16-second Shorts video (including Top 10)...
Video generation complete: daily_shorts_final.mp4
/Users/smithkwon/Library/Python/3.9/lib/python/site-packages/urllib3/__init__.py:35: NotOpenSSLWarning: urllib3 v2 only supports OpenSSL 1.1.1+, currently the 'ssl' module is compiled with 'LibreSSL 2.8.3'. See: https://github.com/urllib3/urllib3/issues/3020
  warnings.warn(
Found 0 records from data base.
Found 0 newly updated records.
Loaded 278 records from /Users/smithkwon/.openclaw/workspace/dailypriceup/data/daily_lists/new_trade_2026_07_22.json
No ATH file found at /Users/smithkwon/.openclaw/workspace/dailypriceup/data/daily_lists/low_ath_list_2026_07_22.json; no ATH records to process.
Image saved to /Users/smithkwon/.openclaw/workspace/dailypriceup/data/daily_shorts_rate_low.png
Image saved to /Users/smithkwon/.openclaw/workspace/dailypriceup/data/daily_shorts_amount_low.png
Image saved to /Users/smithkwon/.openclaw/workspace/dailypriceup/data/daily_shorts_lowest_low.png
Today is Wednesday, using BGM: Wednesday.mp3
Image saved to /Users/smithkwon/.openclaw/workspace/dailypriceup/data/daily_shorts_bottom10.png
Generating 16-second Shorts video (including Bottom 10)...
Video generation complete: daily_shorts_final_low.mp4
Starting YouTube upload at Wed Jul 22 08:11:13 KST 2026
/Users/smithkwon/Library/Python/3.9/lib/python/site-packages/google/api_core/_python_version_support.py:242: FutureWarning: You are using a non-supported Python version (3.9.6). Google will not post any further updates to google.api_core supporting this Python version. Please upgrade to the latest Python version, or at least Python 3.10, and then update google.api_core.
  warnings.warn(message, FutureWarning)
/Users/smithkwon/Library/Python/3.9/lib/python/site-packages/google/auth/__init__.py:54: FutureWarning: You are using a Python version 3.9 past its end of life. Google will update google-auth with critical bug fixes on a best-effort basis, but not with any other fixes or features. Please upgrade your Python version, and then update google-auth.
  warnings.warn(eol_message.format("3.9"), FutureWarning)
/Users/smithkwon/Library/Python/3.9/lib/python/site-packages/google/oauth2/__init__.py:40: FutureWarning: You are using a Python version 3.9 past its end of life. Google will update google-auth with critical bug fixes on a best-effort basis, but not with any other fixes or features. Please upgrade your Python version, and then update google-auth.
  warnings.warn(eol_message.format("3.9"), FutureWarning)
/Users/smithkwon/Library/Python/3.9/lib/python/site-packages/urllib3/__init__.py:35: NotOpenSSLWarning: urllib3 v2 only supports OpenSSL 1.1.1+, currently the 'ssl' module is compiled with 'LibreSSL 2.8.3'. See: https://github.com/urllib3/urllib3/issues/3020
  warnings.warn(
Uploading video to YouTube...
=== Upload Complete! ===
Video ID: mv7fYZZ-Cv0
URL: https://youtu.be/mv7fYZZ-Cv0
/Users/smithkwon/Library/Python/3.9/lib/python/site-packages/google/api_core/_python_version_support.py:242: FutureWarning: You are using a non-supported Python version (3.9.6). Google will not post any further updates to google.api_core supporting this Python version. Please upgrade to the latest Python version, or at least Python 3.10, and then update google.api_core.
  warnings.warn(message, FutureWarning)
/Users/smithkwon/Library/Python/3.9/lib/python/site-packages/google/auth/__init__.py:54: FutureWarning: You are using a Python version 3.9 past its end of life. Google will update google-auth with critical bug fixes on a best-effort basis, but not with any other fixes or features. Please upgrade your Python version, and then update google-auth.
  warnings.warn(eol_message.format("3.9"), FutureWarning)
/Users/smithkwon/Library/Python/3.9/lib/python/site-packages/google/oauth2/__init__.py:40: FutureWarning: You are using a Python version 3.9 past its end of life. Google will update google-auth with critical bug fixes on a best-effort basis, but not with any other fixes or features. Please upgrade your Python version, and then update google-auth.
  warnings.warn(eol_message.format("3.9"), FutureWarning)
/Users/smithkwon/Library/Python/3.9/lib/python/site-packages/urllib3/__init__.py:35: NotOpenSSLWarning: urllib3 v2 only supports OpenSSL 1.1.1+, currently the 'ssl' module is compiled with 'LibreSSL 2.8.3'. See: https://github.com/urllib3/urllib3/issues/3020
  warnings.warn(
Uploading video to YouTube...
=== Upload Complete! ===
Video ID: glqdBgetkI8
URL: https://youtu.be/glqdBgetkI8
All tasks completed successfully at Wed Jul 22 08:11:21 KST 2026
Starting daily price check and video generation at Thu Jul 23 08:10:00 KST 2026
/Users/smithkwon/Library/Python/3.9/lib/python/site-packages/urllib3/__init__.py:35: NotOpenSSLWarning: urllib3 v2 only supports OpenSSL 1.1.1+, currently the 'ssl' module is compiled with 'LibreSSL 2.8.3'. See: https://github.com/urllib3/urllib3/issues/3020
  warnings.warn(
Fetching latest data from API...
Found 7937 records from data base.
Found 266 newly updated records.
Saved 7937 all trades to /Users/smithkwon/.openclaw/workspace/dailypriceup/data/daily_lists/all_trade_2026_07_23.json
Saved 266 new trades to /Users/smithkwon/.openclaw/workspace/dailypriceup/data/daily_lists/new_trade_2026_07_23.json
Saved 82 ATH records to /Users/smithkwon/.openclaw/workspace/dailypriceup/data/daily_lists/ath_list_2026_07_23.json
Inserted 266 records into DB. Found 82 ATH records.
Image saved to /Users/smithkwon/.openclaw/workspace/dailypriceup/data/daily_shorts_rate.png
Image saved to /Users/smithkwon/.openclaw/workspace/dailypriceup/data/daily_shorts_amount.png
Image saved to /Users/smithkwon/.openclaw/workspace/dailypriceup/data/daily_shorts_lowest.png
Today is Thursday, using BGM: Thursday.mp3
Image saved to /Users/smithkwon/.openclaw/workspace/dailypriceup/data/daily_shorts_top10.png
Generating 16-second Shorts video (including Top 10)...
Video generation complete: daily_shorts_final.mp4
/Users/smithkwon/Library/Python/3.9/lib/python/site-packages/urllib3/__init__.py:35: NotOpenSSLWarning: urllib3 v2 only supports OpenSSL 1.1.1+, currently the 'ssl' module is compiled with 'LibreSSL 2.8.3'. See: https://github.com/urllib3/urllib3/issues/3020
  warnings.warn(
Found 0 records from data base.
Found 0 newly updated records.
Loaded 266 records from /Users/smithkwon/.openclaw/workspace/dailypriceup/data/daily_lists/new_trade_2026_07_23.json
No ATH file found at /Users/smithkwon/.openclaw/workspace/dailypriceup/data/daily_lists/low_ath_list_2026_07_23.json; no ATH records to process.
Image saved to /Users/smithkwon/.openclaw/workspace/dailypriceup/data/daily_shorts_rate_low.png
Image saved to /Users/smithkwon/.openclaw/workspace/dailypriceup/data/daily_shorts_amount_low.png
Image saved to /Users/smithkwon/.openclaw/workspace/dailypriceup/data/daily_shorts_lowest_low.png
Today is Thursday, using BGM: Thursday.mp3
Image saved to /Users/smithkwon/.openclaw/workspace/dailypriceup/data/daily_shorts_bottom10.png
Generating 16-second Shorts video (including Bottom 10)...
Video generation complete: daily_shorts_final_low.mp4
Starting YouTube upload at Thu Jul 23 08:13:09 KST 2026
/Users/smithkwon/Library/Python/3.9/lib/python/site-packages/google/api_core/_python_version_support.py:242: FutureWarning: You are using a non-supported Python version (3.9.6). Google will not post any further updates to google.api_core supporting this Python version. Please upgrade to the latest Python version, or at least Python 3.10, and then update google.api_core.
  warnings.warn(message, FutureWarning)
/Users/smithkwon/Library/Python/3.9/lib/python/site-packages/google/auth/__init__.py:54: FutureWarning: You are using a Python version 3.9 past its end of life. Google will update google-auth with critical bug fixes on a best-effort basis, but not with any other fixes or features. Please upgrade your Python version, and then update google-auth.
  warnings.warn(eol_message.format("3.9"), FutureWarning)
/Users/smithkwon/Library/Python/3.9/lib/python/site-packages/google/oauth2/__init__.py:40: FutureWarning: You are using a Python version 3.9 past its end of life. Google will update google-auth with critical bug fixes on a best-effort basis, but not with any other fixes or features. Please upgrade your Python version, and then update google-auth.
  warnings.warn(eol_message.format("3.9"), FutureWarning)
/Users/smithkwon/Library/Python/3.9/lib/python/site-packages/urllib3/__init__.py:35: NotOpenSSLWarning: urllib3 v2 only supports OpenSSL 1.1.1+, currently the 'ssl' module is compiled with 'LibreSSL 2.8.3'. See: https://github.com/urllib3/urllib3/issues/3020
  warnings.warn(
Uploading video to YouTube...
=== Upload Complete! ===
Video ID: oJd3MF2D3Vc
URL: https://youtu.be/oJd3MF2D3Vc
/Users/smithkwon/Library/Python/3.9/lib/python/site-packages/google/api_core/_python_version_support.py:242: FutureWarning: You are using a non-supported Python version (3.9.6). Google will not post any further updates to google.api_core supporting this Python version. Please upgrade to the latest Python version, or at least Python 3.10, and then update google.api_core.
  warnings.warn(message, FutureWarning)
/Users/smithkwon/Library/Python/3.9/lib/python/site-packages/google/auth/__init__.py:54: FutureWarning: You are using a Python version 3.9 past its end of life. Google will update google-auth with critical bug fixes on a best-effort basis, but not with any other fixes or features. Please upgrade your Python version, and then update google-auth.
  warnings.warn(eol_message.format("3.9"), FutureWarning)
/Users/smithkwon/Library/Python/3.9/lib/python/site-packages/google/oauth2/__init__.py:40: FutureWarning: You are using a Python version 3.9 past its end of life. Google will update google-auth with critical bug fixes on a best-effort basis, but not with any other fixes or features. Please upgrade your Python version, and then update google-auth.
  warnings.warn(eol_message.format("3.9"), FutureWarning)
/Users/smithkwon/Library/Python/3.9/lib/python/site-packages/urllib3/__init__.py:35: NotOpenSSLWarning: urllib3 v2 only supports OpenSSL 1.1.1+, currently the 'ssl' module is compiled with 'LibreSSL 2.8.3'. See: https://github.com/urllib3/urllib3/issues/3020
  warnings.warn(
Uploading video to YouTube...
=== Upload Complete! ===
Video ID: Lxnf6sxAh4o
URL: https://youtu.be/Lxnf6sxAh4o
All tasks completed successfully at Thu Jul 23 08:13:19 KST 2026
Starting daily price check and video generation at Fri Jul 24 08:10:00 KST 2026
/Users/smithkwon/Library/Python/3.9/lib/python/site-packages/urllib3/__init__.py:35: NotOpenSSLWarning: urllib3 v2 only supports OpenSSL 1.1.1+, currently the 'ssl' module is compiled with 'LibreSSL 2.8.3'. See: https://github.com/urllib3/urllib3/issues/3020
  warnings.warn(
Fetching latest data from API...
Found 8205 records from data base.
Found 266 newly updated records.
Saved 8205 all trades to /Users/smithkwon/.openclaw/workspace/dailypriceup/data/daily_lists/all_trade_2026_07_24.json
Saved 266 new trades to /Users/smithkwon/.openclaw/workspace/dailypriceup/data/daily_lists/new_trade_2026_07_24.json
Saved 90 ATH records to /Users/smithkwon/.openclaw/workspace/dailypriceup/data/daily_lists/ath_list_2026_07_24.json
Inserted 266 records into DB. Found 90 ATH records.
Image saved to /Users/smithkwon/.openclaw/workspace/dailypriceup/data/daily_shorts_rate.png
Image saved to /Users/smithkwon/.openclaw/workspace/dailypriceup/data/daily_shorts_amount.png
Image saved to /Users/smithkwon/.openclaw/workspace/dailypriceup/data/daily_shorts_lowest.png
Today is Friday, using BGM: Friday.mp3
Image saved to /Users/smithkwon/.openclaw/workspace/dailypriceup/data/daily_shorts_top10.png
Generating 16-second Shorts video (including Top 10)...
Video generation complete: daily_shorts_final.mp4
/Users/smithkwon/Library/Python/3.9/lib/python/site-packages/urllib3/__init__.py:35: NotOpenSSLWarning: urllib3 v2 only supports OpenSSL 1.1.1+, currently the 'ssl' module is compiled with 'LibreSSL 2.8.3'. See: https://github.com/urllib3/urllib3/issues/3020
  warnings.warn(
Found 0 records from data base.
Found 0 newly updated records.
Loaded 266 records from /Users/smithkwon/.openclaw/workspace/dailypriceup/data/daily_lists/new_trade_2026_07_24.json
No ATH file found at /Users/smithkwon/.openclaw/workspace/dailypriceup/data/daily_lists/low_ath_list_2026_07_24.json; no ATH records to process.
Image saved to /Users/smithkwon/.openclaw/workspace/dailypriceup/data/daily_shorts_rate_low.png
Image saved to /Users/smithkwon/.openclaw/workspace/dailypriceup/data/daily_shorts_amount_low.png
Image saved to /Users/smithkwon/.openclaw/workspace/dailypriceup/data/daily_shorts_lowest_low.png
Today is Friday, using BGM: Friday.mp3
Image saved to /Users/smithkwon/.openclaw/workspace/dailypriceup/data/daily_shorts_bottom10.png
Generating 16-second Shorts video (including Bottom 10)...
Video generation complete: daily_shorts_final_low.mp4
Starting YouTube upload at Fri Jul 24 08:13:15 KST 2026
/Users/smithkwon/Library/Python/3.9/lib/python/site-packages/google/api_core/_python_version_support.py:242: FutureWarning: You are using a non-supported Python version (3.9.6). Google will not post any further updates to google.api_core supporting this Python version. Please upgrade to the latest Python version, or at least Python 3.10, and then update google.api_core.
  warnings.warn(message, FutureWarning)
/Users/smithkwon/Library/Python/3.9/lib/python/site-packages/google/auth/__init__.py:54: FutureWarning: You are using a Python version 3.9 past its end of life. Google will update google-auth with critical bug fixes on a best-effort basis, but not with any other fixes or features. Please upgrade your Python version, and then update google-auth.
  warnings.warn(eol_message.format("3.9"), FutureWarning)
/Users/smithkwon/Library/Python/3.9/lib/python/site-packages/google/oauth2/__init__.py:40: FutureWarning: You are using a Python version 3.9 past its end of life. Google will update google-auth with critical bug fixes on a best-effort basis, but not with any other fixes or features. Please upgrade your Python version, and then update google-auth.
  warnings.warn(eol_message.format("3.9"), FutureWarning)
/Users/smithkwon/Library/Python/3.9/lib/python/site-packages/urllib3/__init__.py:35: NotOpenSSLWarning: urllib3 v2 only supports OpenSSL 1.1.1+, currently the 'ssl' module is compiled with 'LibreSSL 2.8.3'. See: https://github.com/urllib3/urllib3/issues/3020
  warnings.warn(
Uploading video to YouTube...
=== Upload Complete! ===
Video ID: FpFmozy7Zy4
URL: https://youtu.be/FpFmozy7Zy4
/Users/smithkwon/Library/Python/3.9/lib/python/site-packages/google/api_core/_python_version_support.py:242: FutureWarning: You are using a non-supported Python version (3.9.6). Google will not post any further updates to google.api_core supporting this Python version. Please upgrade to the latest Python version, or at least Python 3.10, and then update google.api_core.
  warnings.warn(message, FutureWarning)
/Users/smithkwon/Library/Python/3.9/lib/python/site-packages/google/auth/__init__.py:54: FutureWarning: You are using a Python version 3.9 past its end of life. Google will update google-auth with critical bug fixes on a best-effort basis, but not with any other fixes or features. Please upgrade your Python version, and then update google-auth.
  warnings.warn(eol_message.format("3.9"), FutureWarning)
/Users/smithkwon/Library/Python/3.9/lib/python/site-packages/google/oauth2/__init__.py:40: FutureWarning: You are using a Python version 3.9 past its end of life. Google will update google-auth with critical bug fixes on a best-effort basis, but not with any other fixes or features. Please upgrade your Python version, and then update google-auth.
  warnings.warn(eol_message.format("3.9"), FutureWarning)
/Users/smithkwon/Library/Python/3.9/lib/python/site-packages/urllib3/__init__.py:35: NotOpenSSLWarning: urllib3 v2 only supports OpenSSL 1.1.1+, currently the 'ssl' module is compiled with 'LibreSSL 2.8.3'. See: https://github.com/urllib3/urllib3/issues/3020
  warnings.warn(
Uploading video to YouTube...
=== Upload Complete! ===
Video ID: h_MvqDIyqeI
URL: https://youtu.be/h_MvqDIyqeI
All tasks completed successfully at Fri Jul 24 08:13:22 KST 2026
Starting daily price check and video generation at Sat Jul 25 08:10:01 KST 2026
/Users/smithkwon/Library/Python/3.9/lib/python/site-packages/urllib3/__init__.py:35: NotOpenSSLWarning: urllib3 v2 only supports OpenSSL 1.1.1+, currently the 'ssl' module is compiled with 'LibreSSL 2.8.3'. See: https://github.com/urllib3/urllib3/issues/3020
  warnings.warn(
Fetching latest data from API...
Found 8412 records from data base.
Found 200 newly updated records.
Saved 8412 all trades to /Users/smithkwon/.openclaw/workspace/dailypriceup/data/daily_lists/all_trade_2026_07_25.json
Saved 200 new trades to /Users/smithkwon/.openclaw/workspace/dailypriceup/data/daily_lists/new_trade_2026_07_25.json
Saved 68 ATH records to /Users/smithkwon/.openclaw/workspace/dailypriceup/data/daily_lists/ath_list_2026_07_25.json
Inserted 200 records into DB. Found 68 ATH records.
Image saved to /Users/smithkwon/.openclaw/workspace/dailypriceup/data/daily_shorts_rate.png
Image saved to /Users/smithkwon/.openclaw/workspace/dailypriceup/data/daily_shorts_amount.png
Image saved to /Users/smithkwon/.openclaw/workspace/dailypriceup/data/daily_shorts_lowest.png
Today is Saturday, using BGM: Saturday.mp3
Image saved to /Users/smithkwon/.openclaw/workspace/dailypriceup/data/daily_shorts_top10.png
Generating 16-second Shorts video (including Top 10)...
Video generation complete: daily_shorts_final.mp4
/Users/smithkwon/Library/Python/3.9/lib/python/site-packages/urllib3/__init__.py:35: NotOpenSSLWarning: urllib3 v2 only supports OpenSSL 1.1.1+, currently the 'ssl' module is compiled with 'LibreSSL 2.8.3'. See: https://github.com/urllib3/urllib3/issues/3020
  warnings.warn(
Found 0 records from data base.
Found 0 newly updated records.
Loaded 200 records from /Users/smithkwon/.openclaw/workspace/dailypriceup/data/daily_lists/new_trade_2026_07_25.json
No ATH file found at /Users/smithkwon/.openclaw/workspace/dailypriceup/data/daily_lists/low_ath_list_2026_07_25.json; no ATH records to process.
Image saved to /Users/smithkwon/.openclaw/workspace/dailypriceup/data/daily_shorts_rate_low.png
Image saved to /Users/smithkwon/.openclaw/workspace/dailypriceup/data/daily_shorts_amount_low.png
Image saved to /Users/smithkwon/.openclaw/workspace/dailypriceup/data/daily_shorts_lowest_low.png
Today is Saturday, using BGM: Saturday.mp3
Image saved to /Users/smithkwon/.openclaw/workspace/dailypriceup/data/daily_shorts_bottom10.png
Generating 16-second Shorts video (including Bottom 10)...
Video generation complete: daily_shorts_final_low.mp4
Starting YouTube upload at Sat Jul 25 08:12:09 KST 2026
/Users/smithkwon/Library/Python/3.9/lib/python/site-packages/google/api_core/_python_version_support.py:242: FutureWarning: You are using a non-supported Python version (3.9.6). Google will not post any further updates to google.api_core supporting this Python version. Please upgrade to the latest Python version, or at least Python 3.10, and then update google.api_core.
  warnings.warn(message, FutureWarning)
/Users/smithkwon/Library/Python/3.9/lib/python/site-packages/google/auth/__init__.py:54: FutureWarning: You are using a Python version 3.9 past its end of life. Google will update google-auth with critical bug fixes on a best-effort basis, but not with any other fixes or features. Please upgrade your Python version, and then update google-auth.
  warnings.warn(eol_message.format("3.9"), FutureWarning)
/Users/smithkwon/Library/Python/3.9/lib/python/site-packages/google/oauth2/__init__.py:40: FutureWarning: You are using a Python version 3.9 past its end of life. Google will update google-auth with critical bug fixes on a best-effort basis, but not with any other fixes or features. Please upgrade your Python version, and then update google-auth.
  warnings.warn(eol_message.format("3.9"), FutureWarning)
/Users/smithkwon/Library/Python/3.9/lib/python/site-packages/urllib3/__init__.py:35: NotOpenSSLWarning: urllib3 v2 only supports OpenSSL 1.1.1+, currently the 'ssl' module is compiled with 'LibreSSL 2.8.3'. See: https://github.com/urllib3/urllib3/issues/3020
  warnings.warn(
Uploading video to YouTube...
=== Upload Complete! ===
Video ID: -oUEkxyNK4I
URL: https://youtu.be/-oUEkxyNK4I
/Users/smithkwon/Library/Python/3.9/lib/python/site-packages/google/api_core/_python_version_support.py:242: FutureWarning: You are using a non-supported Python version (3.9.6). Google will not post any further updates to google.api_core supporting this Python version. Please upgrade to the latest Python version, or at least Python 3.10, and then update google.api_core.
  warnings.warn(message, FutureWarning)
/Users/smithkwon/Library/Python/3.9/lib/python/site-packages/google/auth/__init__.py:54: FutureWarning: You are using a Python version 3.9 past its end of life. Google will update google-auth with critical bug fixes on a best-effort basis, but not with any other fixes or features. Please upgrade your Python version, and then update google-auth.
  warnings.warn(eol_message.format("3.9"), FutureWarning)
/Users/smithkwon/Library/Python/3.9/lib/python/site-packages/google/oauth2/__init__.py:40: FutureWarning: You are using a Python version 3.9 past its end of life. Google will update google-auth with critical bug fixes on a best-effort basis, but not with any other fixes or features. Please upgrade your Python version, and then update google-auth.
  warnings.warn(eol_message.format("3.9"), FutureWarning)
/Users/smithkwon/Library/Python/3.9/lib/python/site-packages/urllib3/__init__.py:35: NotOpenSSLWarning: urllib3 v2 only supports OpenSSL 1.1.1+, currently the 'ssl' module is compiled with 'LibreSSL 2.8.3'. See: https://github.com/urllib3/urllib3/issues/3020
  warnings.warn(
Uploading video to YouTube...
=== Upload Complete! ===
Video ID: oxHgwT6ScUo
URL: https://youtu.be/oxHgwT6ScUo
All tasks completed successfully at Sat Jul 25 08:12:18 KST 2026
Starting daily price check and video generation at Sun Jul 26 08:10:01 KST 2026
/Users/smithkwon/Library/Python/3.9/lib/python/site-packages/urllib3/__init__.py:35: NotOpenSSLWarning: urllib3 v2 only supports OpenSSL 1.1.1+, currently the 'ssl' module is compiled with 'LibreSSL 2.8.3'. See: https://github.com/urllib3/urllib3/issues/3020
  warnings.warn(
Fetching latest data from API...
Found 8419 records from data base.
Found 9 newly updated records.
Saved 8419 all trades to /Users/smithkwon/.openclaw/workspace/dailypriceup/data/daily_lists/all_trade_2026_07_26.json
Saved 9 new trades to /Users/smithkwon/.openclaw/workspace/dailypriceup/data/daily_lists/new_trade_2026_07_26.json
Saved 3 ATH records to /Users/smithkwon/.openclaw/workspace/dailypriceup/data/daily_lists/ath_list_2026_07_26.json
Inserted 9 records into DB. Found 3 ATH records.
Image saved to /Users/smithkwon/.openclaw/workspace/dailypriceup/data/daily_shorts_rate.png
Image saved to /Users/smithkwon/.openclaw/workspace/dailypriceup/data/daily_shorts_amount.png
Image saved to /Users/smithkwon/.openclaw/workspace/dailypriceup/data/daily_shorts_lowest.png
Today is Sunday, using BGM: Sunday.mp3
Image saved to /Users/smithkwon/.openclaw/workspace/dailypriceup/data/daily_shorts_top10.png
Generating 16-second Shorts video (including Top 10)...
Video generation complete: daily_shorts_final.mp4
/Users/smithkwon/Library/Python/3.9/lib/python/site-packages/urllib3/__init__.py:35: NotOpenSSLWarning: urllib3 v2 only supports OpenSSL 1.1.1+, currently the 'ssl' module is compiled with 'LibreSSL 2.8.3'. See: https://github.com/urllib3/urllib3/issues/3020
  warnings.warn(
Found 0 records from data base.
Found 0 newly updated records.
Loaded 9 records from /Users/smithkwon/.openclaw/workspace/dailypriceup/data/daily_lists/new_trade_2026_07_26.json
No ATH file found at /Users/smithkwon/.openclaw/workspace/dailypriceup/data/daily_lists/low_ath_list_2026_07_26.json; no ATH records to process.
Image saved to /Users/smithkwon/.openclaw/workspace/dailypriceup/data/daily_shorts_rate_low.png
Image saved to /Users/smithkwon/.openclaw/workspace/dailypriceup/data/daily_shorts_amount_low.png
Image saved to /Users/smithkwon/.openclaw/workspace/dailypriceup/data/daily_shorts_lowest_low.png
Today is Sunday, using BGM: Sunday.mp3
Image saved to /Users/smithkwon/.openclaw/workspace/dailypriceup/data/daily_shorts_bottom10.png
Generating 16-second Shorts video (including Bottom 10)...
Video generation complete: daily_shorts_final_low.mp4
Starting YouTube upload at Sun Jul 26 08:12:08 KST 2026
/Users/smithkwon/Library/Python/3.9/lib/python/site-packages/google/api_core/_python_version_support.py:242: FutureWarning: You are using a non-supported Python version (3.9.6). Google will not post any further updates to google.api_core supporting this Python version. Please upgrade to the latest Python version, or at least Python 3.10, and then update google.api_core.
  warnings.warn(message, FutureWarning)
/Users/smithkwon/Library/Python/3.9/lib/python/site-packages/google/auth/__init__.py:54: FutureWarning: You are using a Python version 3.9 past its end of life. Google will update google-auth with critical bug fixes on a best-effort basis, but not with any other fixes or features. Please upgrade your Python version, and then update google-auth.
  warnings.warn(eol_message.format("3.9"), FutureWarning)
/Users/smithkwon/Library/Python/3.9/lib/python/site-packages/google/oauth2/__init__.py:40: FutureWarning: You are using a Python version 3.9 past its end of life. Google will update google-auth with critical bug fixes on a best-effort basis, but not with any other fixes or features. Please upgrade your Python version, and then update google-auth.
  warnings.warn(eol_message.format("3.9"), FutureWarning)
/Users/smithkwon/Library/Python/3.9/lib/python/site-packages/urllib3/__init__.py:35: NotOpenSSLWarning: urllib3 v2 only supports OpenSSL 1.1.1+, currently the 'ssl' module is compiled with 'LibreSSL 2.8.3'. See: https://github.com/urllib3/urllib3/issues/3020
  warnings.warn(
Uploading video to YouTube...
=== Upload Complete! ===
Video ID: WXBVt92-smk
URL: https://youtu.be/WXBVt92-smk
/Users/smithkwon/Library/Python/3.9/lib/python/site-packages/google/api_core/_python_version_support.py:242: FutureWarning: You are using a non-supported Python version (3.9.6). Google will not post any further updates to google.api_core supporting this Python version. Please upgrade to the latest Python version, or at least Python 3.10, and then update google.api_core.
  warnings.warn(message, FutureWarning)
/Users/smithkwon/Library/Python/3.9/lib/python/site-packages/google/auth/__init__.py:54: FutureWarning: You are using a Python version 3.9 past its end of life. Google will update google-auth with critical bug fixes on a best-effort basis, but not with any other fixes or features. Please upgrade your Python version, and then update google-auth.
  warnings.warn(eol_message.format("3.9"), FutureWarning)
/Users/smithkwon/Library/Python/3.9/lib/python/site-packages/google/oauth2/__init__.py:40: FutureWarning: You are using a Python version 3.9 past its end of life. Google will update google-auth with critical bug fixes on a best-effort basis, but not with any other fixes or features. Please upgrade your Python version, and then update google-auth.
  warnings.warn(eol_message.format("3.9"), FutureWarning)
/Users/smithkwon/Library/Python/3.9/lib/python/site-packages/urllib3/__init__.py:35: NotOpenSSLWarning: urllib3 v2 only supports OpenSSL 1.1.1+, currently the 'ssl' module is compiled with 'LibreSSL 2.8.3'. See: https://github.com/urllib3/urllib3/issues/3020
  warnings.warn(
Uploading video to YouTube...
=== Upload Complete! ===
Video ID: hPeEG6YCXfE
URL: https://youtu.be/hPeEG6YCXfE
All tasks completed successfully at Sun Jul 26 08:12:17 KST 2026
Starting daily price check and video generation at Mon Jul 27 08:10:00 KST 2026
/Users/smithkwon/Library/Python/3.9/lib/python/site-packages/urllib3/__init__.py:35: NotOpenSSLWarning: urllib3 v2 only supports OpenSSL 1.1.1+, currently the 'ssl' module is compiled with 'LibreSSL 2.8.3'. See: https://github.com/urllib3/urllib3/issues/3020
  warnings.warn(
Fetching latest data from API...
Found 8456 records from data base.
Found 38 newly updated records.
Saved 8456 all trades to /Users/smithkwon/.openclaw/workspace/dailypriceup/data/daily_lists/all_trade_2026_07_27.json
Saved 38 new trades to /Users/smithkwon/.openclaw/workspace/dailypriceup/data/daily_lists/new_trade_2026_07_27.json
Saved 17 ATH records to /Users/smithkwon/.openclaw/workspace/dailypriceup/data/daily_lists/ath_list_2026_07_27.json
Inserted 38 records into DB. Found 17 ATH records.
Image saved to /Users/smithkwon/.openclaw/workspace/dailypriceup/data/daily_shorts_rate.png
Image saved to /Users/smithkwon/.openclaw/workspace/dailypriceup/data/daily_shorts_amount.png
Image saved to /Users/smithkwon/.openclaw/workspace/dailypriceup/data/daily_shorts_lowest.png
Today is Monday, using BGM: TechLive.mp3
Image saved to /Users/smithkwon/.openclaw/workspace/dailypriceup/data/daily_shorts_top10.png
Generating 16-second Shorts video (including Top 10)...
Video generation complete: daily_shorts_final.mp4
/Users/smithkwon/Library/Python/3.9/lib/python/site-packages/urllib3/__init__.py:35: NotOpenSSLWarning: urllib3 v2 only supports OpenSSL 1.1.1+, currently the 'ssl' module is compiled with 'LibreSSL 2.8.3'. See: https://github.com/urllib3/urllib3/issues/3020
  warnings.warn(
Found 0 records from data base.
Found 0 newly updated records.
Loaded 38 records from /Users/smithkwon/.openclaw/workspace/dailypriceup/data/daily_lists/new_trade_2026_07_27.json
No ATH file found at /Users/smithkwon/.openclaw/workspace/dailypriceup/data/daily_lists/low_ath_list_2026_07_27.json; no ATH records to process.
Image saved to /Users/smithkwon/.openclaw/workspace/dailypriceup/data/daily_shorts_rate_low.png
Image saved to /Users/smithkwon/.openclaw/workspace/dailypriceup/data/daily_shorts_amount_low.png
Image saved to /Users/smithkwon/.openclaw/workspace/dailypriceup/data/daily_shorts_lowest_low.png
Today is Monday, using BGM: TechLive.mp3
Image saved to /Users/smithkwon/.openclaw/workspace/dailypriceup/data/daily_shorts_bottom10.png
Generating 16-second Shorts video (including Bottom 10)...
Video generation complete: daily_shorts_final_low.mp4
Starting YouTube upload at Mon Jul 27 08:12:49 KST 2026
/Users/smithkwon/Library/Python/3.9/lib/python/site-packages/google/api_core/_python_version_support.py:242: FutureWarning: You are using a non-supported Python version (3.9.6). Google will not post any further updates to google.api_core supporting this Python version. Please upgrade to the latest Python version, or at least Python 3.10, and then update google.api_core.
  warnings.warn(message, FutureWarning)
/Users/smithkwon/Library/Python/3.9/lib/python/site-packages/google/auth/__init__.py:54: FutureWarning: You are using a Python version 3.9 past its end of life. Google will update google-auth with critical bug fixes on a best-effort basis, but not with any other fixes or features. Please upgrade your Python version, and then update google-auth.
  warnings.warn(eol_message.format("3.9"), FutureWarning)
/Users/smithkwon/Library/Python/3.9/lib/python/site-packages/google/oauth2/__init__.py:40: FutureWarning: You are using a Python version 3.9 past its end of life. Google will update google-auth with critical bug fixes on a best-effort basis, but not with any other fixes or features. Please upgrade your Python version, and then update google-auth.
  warnings.warn(eol_message.format("3.9"), FutureWarning)
/Users/smithkwon/Library/Python/3.9/lib/python/site-packages/urllib3/__init__.py:35: NotOpenSSLWarning: urllib3 v2 only supports OpenSSL 1.1.1+, currently the 'ssl' module is compiled with 'LibreSSL 2.8.3'. See: https://github.com/urllib3/urllib3/issues/3020
  warnings.warn(
Uploading video to YouTube...
=== Upload Complete! ===
Video ID: 7tcZLh6Q1_U
URL: https://youtu.be/7tcZLh6Q1_U
/Users/smithkwon/Library/Python/3.9/lib/python/site-packages/google/api_core/_python_version_support.py:242: FutureWarning: You are using a non-supported Python version (3.9.6). Google will not post any further updates to google.api_core supporting this Python version. Please upgrade to the latest Python version, or at least Python 3.10, and then update google.api_core.
  warnings.warn(message, FutureWarning)
/Users/smithkwon/Library/Python/3.9/lib/python/site-packages/google/auth/__init__.py:54: FutureWarning: You are using a Python version 3.9 past its end of life. Google will update google-auth with critical bug fixes on a best-effort basis, but not with any other fixes or features. Please upgrade your Python version, and then update google-auth.
  warnings.warn(eol_message.format("3.9"), FutureWarning)
/Users/smithkwon/Library/Python/3.9/lib/python/site-packages/google/oauth2/__init__.py:40: FutureWarning: You are using a Python version 3.9 past its end of life. Google will update google-auth with critical bug fixes on a best-effort basis, but not with any other fixes or features. Please upgrade your Python version, and then update google-auth.
  warnings.warn(eol_message.format("3.9"), FutureWarning)
/Users/smithkwon/Library/Python/3.9/lib/python/site-packages/urllib3/__init__.py:35: NotOpenSSLWarning: urllib3 v2 only supports OpenSSL 1.1.1+, currently the 'ssl' module is compiled with 'LibreSSL 2.8.3'. See: https://github.com/urllib3/urllib3/issues/3020
  warnings.warn(
Uploading video to YouTube...
=== Upload Complete! ===
Video ID: RveWhQuLJ5w
URL: https://youtu.be/RveWhQuLJ5w
All tasks completed successfully at Mon Jul 27 08:12:56 KST 2026
Starting daily price check and video generation at Tue Jul 28 08:10:00 KST 2026
/Users/smithkwon/Library/Python/3.9/lib/python/site-packages/urllib3/__init__.py:35: NotOpenSSLWarning: urllib3 v2 only supports OpenSSL 1.1.1+, currently the 'ssl' module is compiled with 'LibreSSL 2.8.3'. See: https://github.com/urllib3/urllib3/issues/3020
  warnings.warn(
Fetching latest data from API...
Found 8610 records from data base.
Found 304 newly updated records.
Saved 8610 all trades to /Users/smithkwon/.openclaw/workspace/dailypriceup/data/daily_lists/all_trade_2026_07_28.json
Saved 304 new trades to /Users/smithkwon/.openclaw/workspace/dailypriceup/data/daily_lists/new_trade_2026_07_28.json
Saved 113 ATH records to /Users/smithkwon/.openclaw/workspace/dailypriceup/data/daily_lists/ath_list_2026_07_28.json
Inserted 304 records into DB. Found 113 ATH records.
Image saved to /Users/smithkwon/.openclaw/workspace/dailypriceup/data/daily_shorts_rate.png
Image saved to /Users/smithkwon/.openclaw/workspace/dailypriceup/data/daily_shorts_amount.png
Image saved to /Users/smithkwon/.openclaw/workspace/dailypriceup/data/daily_shorts_lowest.png
Today is Tuesday, using BGM: Tuesday.mp3
Image saved to /Users/smithkwon/.openclaw/workspace/dailypriceup/data/daily_shorts_top10.png
Generating 16-second Shorts video (including Top 10)...
Video generation complete: daily_shorts_final.mp4
/Users/smithkwon/Library/Python/3.9/lib/python/site-packages/urllib3/__init__.py:35: NotOpenSSLWarning: urllib3 v2 only supports OpenSSL 1.1.1+, currently the 'ssl' module is compiled with 'LibreSSL 2.8.3'. See: https://github.com/urllib3/urllib3/issues/3020
  warnings.warn(
Found 0 records from data base.
Found 0 newly updated records.
Loaded 304 records from /Users/smithkwon/.openclaw/workspace/dailypriceup/data/daily_lists/new_trade_2026_07_28.json
No ATH file found at /Users/smithkwon/.openclaw/workspace/dailypriceup/data/daily_lists/low_ath_list_2026_07_28.json; no ATH records to process.
Image saved to /Users/smithkwon/.openclaw/workspace/dailypriceup/data/daily_shorts_rate_low.png
Image saved to /Users/smithkwon/.openclaw/workspace/dailypriceup/data/daily_shorts_amount_low.png
Image saved to /Users/smithkwon/.openclaw/workspace/dailypriceup/data/daily_shorts_lowest_low.png
Today is Tuesday, using BGM: Tuesday.mp3
Image saved to /Users/smithkwon/.openclaw/workspace/dailypriceup/data/daily_shorts_bottom10.png
Generating 16-second Shorts video (including Bottom 10)...
Video generation complete: daily_shorts_final_low.mp4
Starting YouTube upload at Tue Jul 28 08:13:35 KST 2026
/Users/smithkwon/Library/Python/3.9/lib/python/site-packages/google/api_core/_python_version_support.py:242: FutureWarning: You are using a non-supported Python version (3.9.6). Google will not post any further updates to google.api_core supporting this Python version. Please upgrade to the latest Python version, or at least Python 3.10, and then update google.api_core.
  warnings.warn(message, FutureWarning)
/Users/smithkwon/Library/Python/3.9/lib/python/site-packages/google/auth/__init__.py:54: FutureWarning: You are using a Python version 3.9 past its end of life. Google will update google-auth with critical bug fixes on a best-effort basis, but not with any other fixes or features. Please upgrade your Python version, and then update google-auth.
  warnings.warn(eol_message.format("3.9"), FutureWarning)
/Users/smithkwon/Library/Python/3.9/lib/python/site-packages/google/oauth2/__init__.py:40: FutureWarning: You are using a Python version 3.9 past its end of life. Google will update google-auth with critical bug fixes on a best-effort basis, but not with any other fixes or features. Please upgrade your Python version, and then update google-auth.
  warnings.warn(eol_message.format("3.9"), FutureWarning)
/Users/smithkwon/Library/Python/3.9/lib/python/site-packages/urllib3/__init__.py:35: NotOpenSSLWarning: urllib3 v2 only supports OpenSSL 1.1.1+, currently the 'ssl' module is compiled with 'LibreSSL 2.8.3'. See: https://github.com/urllib3/urllib3/issues/3020
  warnings.warn(
Uploading video to YouTube...
=== Upload Complete! ===
Video ID: 9mvS_VKx9og
URL: https://youtu.be/9mvS_VKx9og
/Users/smithkwon/Library/Python/3.9/lib/python/site-packages/google/api_core/_python_version_support.py:242: FutureWarning: You are using a non-supported Python version (3.9.6). Google will not post any further updates to google.api_core supporting this Python version. Please upgrade to the latest Python version, or at least Python 3.10, and then update google.api_core.
  warnings.warn(message, FutureWarning)
/Users/smithkwon/Library/Python/3.9/lib/python/site-packages/google/auth/__init__.py:54: FutureWarning: You are using a Python version 3.9 past its end of life. Google will update google-auth with critical bug fixes on a best-effort basis, but not with any other fixes or features. Please upgrade your Python version, and then update google-auth.
  warnings.warn(eol_message.format("3.9"), FutureWarning)
/Users/smithkwon/Library/Python/3.9/lib/python/site-packages/google/oauth2/__init__.py:40: FutureWarning: You are using a Python version 3.9 past its end of life. Google will update google-auth with critical bug fixes on a best-effort basis, but not with any other fixes or features. Please upgrade your Python version, and then update google-auth.
  warnings.warn(eol_message.format("3.9"), FutureWarning)
/Users/smithkwon/Library/Python/3.9/lib/python/site-packages/urllib3/__init__.py:35: NotOpenSSLWarning: urllib3 v2 only supports OpenSSL 1.1.1+, currently the 'ssl' module is compiled with 'LibreSSL 2.8.3'. See: https://github.com/urllib3/urllib3/issues/3020
  warnings.warn(
Uploading video to YouTube...
=== Upload Complete! ===
Video ID: XMykxB_e6VQ
URL: https://youtu.be/XMykxB_e6VQ
All tasks completed successfully at Tue Jul 28 08:13:43 KST 2026
Starting daily price check and video generation at Wed Jul 29 08:10:01 KST 2026
/Users/smithkwon/Library/Python/3.9/lib/python/site-packages/urllib3/__init__.py:35: NotOpenSSLWarning: urllib3 v2 only supports OpenSSL 1.1.1+, currently the 'ssl' module is compiled with 'LibreSSL 2.8.3'. See: https://github.com/urllib3/urllib3/issues/3020
  warnings.warn(
Fetching latest data from API...
Found 8672 records from data base.
Found 286 newly updated records.
Saved 8672 all trades to /Users/smithkwon/.openclaw/workspace/dailypriceup/data/daily_lists/all_trade_2026_07_29.json
Saved 286 new trades to /Users/smithkwon/.openclaw/workspace/dailypriceup/data/daily_lists/new_trade_2026_07_29.json
Saved 110 ATH records to /Users/smithkwon/.openclaw/workspace/dailypriceup/data/daily_lists/ath_list_2026_07_29.json
Inserted 286 records into DB. Found 110 ATH records.
Image saved to /Users/smithkwon/.openclaw/workspace/dailypriceup/data/daily_shorts_rate.png
Image saved to /Users/smithkwon/.openclaw/workspace/dailypriceup/data/daily_shorts_amount.png
Image saved to /Users/smithkwon/.openclaw/workspace/dailypriceup/data/daily_shorts_lowest.png
Today is Wednesday, using BGM: Wednesday.mp3
Image saved to /Users/smithkwon/.openclaw/workspace/dailypriceup/data/daily_shorts_top10.png
Generating 16-second Shorts video (including Top 10)...
Video generation complete: daily_shorts_final.mp4
/Users/smithkwon/Library/Python/3.9/lib/python/site-packages/urllib3/__init__.py:35: NotOpenSSLWarning: urllib3 v2 only supports OpenSSL 1.1.1+, currently the 'ssl' module is compiled with 'LibreSSL 2.8.3'. See: https://github.com/urllib3/urllib3/issues/3020
  warnings.warn(
Found 0 records from data base.
Found 0 newly updated records.
Loaded 286 records from /Users/smithkwon/.openclaw/workspace/dailypriceup/data/daily_lists/new_trade_2026_07_29.json
No ATH file found at /Users/smithkwon/.openclaw/workspace/dailypriceup/data/daily_lists/low_ath_list_2026_07_29.json; no ATH records to process.
Image saved to /Users/smithkwon/.openclaw/workspace/dailypriceup/data/daily_shorts_rate_low.png
Image saved to /Users/smithkwon/.openclaw/workspace/dailypriceup/data/daily_shorts_amount_low.png
Image saved to /Users/smithkwon/.openclaw/workspace/dailypriceup/data/daily_shorts_lowest_low.png
Today is Wednesday, using BGM: Wednesday.mp3
Image saved to /Users/smithkwon/.openclaw/workspace/dailypriceup/data/daily_shorts_bottom10.png
Generating 16-second Shorts video (including Bottom 10)...
Video generation complete: daily_shorts_final_low.mp4
Starting YouTube upload at Wed Jul 29 08:12:05 KST 2026
/Users/smithkwon/Library/Python/3.9/lib/python/site-packages/google/api_core/_python_version_support.py:242: FutureWarning: You are using a non-supported Python version (3.9.6). Google will not post any further updates to google.api_core supporting this Python version. Please upgrade to the latest Python version, or at least Python 3.10, and then update google.api_core.
  warnings.warn(message, FutureWarning)
/Users/smithkwon/Library/Python/3.9/lib/python/site-packages/google/auth/__init__.py:54: FutureWarning: You are using a Python version 3.9 past its end of life. Google will update google-auth with critical bug fixes on a best-effort basis, but not with any other fixes or features. Please upgrade your Python version, and then update google-auth.
  warnings.warn(eol_message.format("3.9"), FutureWarning)
/Users/smithkwon/Library/Python/3.9/lib/python/site-packages/google/oauth2/__init__.py:40: FutureWarning: You are using a Python version 3.9 past its end of life. Google will update google-auth with critical bug fixes on a best-effort basis, but not with any other fixes or features. Please upgrade your Python version, and then update google-auth.
  warnings.warn(eol_message.format("3.9"), FutureWarning)
/Users/smithkwon/Library/Python/3.9/lib/python/site-packages/urllib3/__init__.py:35: NotOpenSSLWarning: urllib3 v2 only supports OpenSSL 1.1.1+, currently the 'ssl' module is compiled with 'LibreSSL 2.8.3'. See: https://github.com/urllib3/urllib3/issues/3020
  warnings.warn(
Uploading video to YouTube...
=== Upload Complete! ===
Video ID: cAe-WZ44Y7Q
URL: https://youtu.be/cAe-WZ44Y7Q
/Users/smithkwon/Library/Python/3.9/lib/python/site-packages/google/api_core/_python_version_support.py:242: FutureWarning: You are using a non-supported Python version (3.9.6). Google will not post any further updates to google.api_core supporting this Python version. Please upgrade to the latest Python version, or at least Python 3.10, and then update google.api_core.
  warnings.warn(message, FutureWarning)
/Users/smithkwon/Library/Python/3.9/lib/python/site-packages/google/auth/__init__.py:54: FutureWarning: You are using a Python version 3.9 past its end of life. Google will update google-auth with critical bug fixes on a best-effort basis, but not with any other fixes or features. Please upgrade your Python version, and then update google-auth.
  warnings.warn(eol_message.format("3.9"), FutureWarning)
/Users/smithkwon/Library/Python/3.9/lib/python/site-packages/google/oauth2/__init__.py:40: FutureWarning: You are using a Python version 3.9 past its end of life. Google will update google-auth with critical bug fixes on a best-effort basis, but not with any other fixes or features. Please upgrade your Python version, and then update google-auth.
  warnings.warn(eol_message.format("3.9"), FutureWarning)
/Users/smithkwon/Library/Python/3.9/lib/python/site-packages/urllib3/__init__.py:35: NotOpenSSLWarning: urllib3 v2 only supports OpenSSL 1.1.1+, currently the 'ssl' module is compiled with 'LibreSSL 2.8.3'. See: https://github.com/urllib3/urllib3/issues/3020
  warnings.warn(
Uploading video to YouTube...
=== Upload Complete! ===
Video ID: JBg0fCnliNY
URL: https://youtu.be/JBg0fCnliNY
All tasks completed successfully at Wed Jul 29 08:12:12 KST 2026
Starting daily price check and video generation at Thu Jul 30 08:10:01 KST 2026
/Users/smithkwon/Library/Python/3.9/lib/python/site-packages/urllib3/__init__.py:35: NotOpenSSLWarning: urllib3 v2 only supports OpenSSL 1.1.1+, currently the 'ssl' module is compiled with 'LibreSSL 2.8.3'. See: https://github.com/urllib3/urllib3/issues/3020
  warnings.warn(
Fetching latest data from API...
Found 8422 records from data base.
Found 173 newly updated records.
Saved 8422 all trades to /Users/smithkwon/.openclaw/workspace/dailypriceup/data/daily_lists/all_trade_2026_07_30.json
Saved 173 new trades to /Users/smithkwon/.openclaw/workspace/dailypriceup/data/daily_lists/new_trade_2026_07_30.json
Saved 47 ATH records to /Users/smithkwon/.openclaw/workspace/dailypriceup/data/daily_lists/ath_list_2026_07_30.json
Inserted 173 records into DB. Found 47 ATH records.
Image saved to /Users/smithkwon/.openclaw/workspace/dailypriceup/data/daily_shorts_rate.png
Image saved to /Users/smithkwon/.openclaw/workspace/dailypriceup/data/daily_shorts_amount.png
Image saved to /Users/smithkwon/.openclaw/workspace/dailypriceup/data/daily_shorts_lowest.png
Today is Thursday, using BGM: Thursday.mp3
Image saved to /Users/smithkwon/.openclaw/workspace/dailypriceup/data/daily_shorts_top10.png
Generating 16-second Shorts video (including Top 10)...
Video generation complete: daily_shorts_final.mp4
/Users/smithkwon/Library/Python/3.9/lib/python/site-packages/urllib3/__init__.py:35: NotOpenSSLWarning: urllib3 v2 only supports OpenSSL 1.1.1+, currently the 'ssl' module is compiled with 'LibreSSL 2.8.3'. See: https://github.com/urllib3/urllib3/issues/3020
  warnings.warn(
Found 0 records from data base.
Found 0 newly updated records.
Loaded 173 records from /Users/smithkwon/.openclaw/workspace/dailypriceup/data/daily_lists/new_trade_2026_07_30.json
No ATH file found at /Users/smithkwon/.openclaw/workspace/dailypriceup/data/daily_lists/low_ath_list_2026_07_30.json; no ATH records to process.
Image saved to /Users/smithkwon/.openclaw/workspace/dailypriceup/data/daily_shorts_rate_low.png
Image saved to /Users/smithkwon/.openclaw/workspace/dailypriceup/data/daily_shorts_amount_low.png
Image saved to /Users/smithkwon/.openclaw/workspace/dailypriceup/data/daily_shorts_lowest_low.png
Today is Thursday, using BGM: Thursday.mp3
Image saved to /Users/smithkwon/.openclaw/workspace/dailypriceup/data/daily_shorts_bottom10.png
Generating 16-second Shorts video (including Bottom 10)...
Video generation complete: daily_shorts_final_low.mp4
Starting YouTube upload at Thu Jul 30 08:13:33 KST 2026
/Users/smithkwon/Library/Python/3.9/lib/python/site-packages/google/api_core/_python_version_support.py:242: FutureWarning: You are using a non-supported Python version (3.9.6). Google will not post any further updates to google.api_core supporting this Python version. Please upgrade to the latest Python version, or at least Python 3.10, and then update google.api_core.
  warnings.warn(message, FutureWarning)
/Users/smithkwon/Library/Python/3.9/lib/python/site-packages/google/auth/__init__.py:54: FutureWarning: You are using a Python version 3.9 past its end of life. Google will update google-auth with critical bug fixes on a best-effort basis, but not with any other fixes or features. Please upgrade your Python version, and then update google-auth.
  warnings.warn(eol_message.format("3.9"), FutureWarning)
/Users/smithkwon/Library/Python/3.9/lib/python/site-packages/google/oauth2/__init__.py:40: FutureWarning: You are using a Python version 3.9 past its end of life. Google will update google-auth with critical bug fixes on a best-effort basis, but not with any other fixes or features. Please upgrade your Python version, and then update google-auth.
  warnings.warn(eol_message.format("3.9"), FutureWarning)
/Users/smithkwon/Library/Python/3.9/lib/python/site-packages/urllib3/__init__.py:35: NotOpenSSLWarning: urllib3 v2 only supports OpenSSL 1.1.1+, currently the 'ssl' module is compiled with 'LibreSSL 2.8.3'. See: https://github.com/urllib3/urllib3/issues/3020
  warnings.warn(
Uploading video to YouTube...
=== Upload Complete! ===
Video ID: bDEfU1fmr-0
URL: https://youtu.be/bDEfU1fmr-0
/Users/smithkwon/Library/Python/3.9/lib/python/site-packages/google/api_core/_python_version_support.py:242: FutureWarning: You are using a non-supported Python version (3.9.6). Google will not post any further updates to google.api_core supporting this Python version. Please upgrade to the latest Python version, or at least Python 3.10, and then update google.api_core.
  warnings.warn(message, FutureWarning)
/Users/smithkwon/Library/Python/3.9/lib/python/site-packages/google/auth/__init__.py:54: FutureWarning: You are using a Python version 3.9 past its end of life. Google will update google-auth with critical bug fixes on a best-effort basis, but not with any other fixes or features. Please upgrade your Python version, and then update google-auth.
  warnings.warn(eol_message.format("3.9"), FutureWarning)
/Users/smithkwon/Library/Python/3.9/lib/python/site-packages/google/oauth2/__init__.py:40: FutureWarning: You are using a Python version 3.9 past its end of life. Google will update google-auth with critical bug fixes on a best-effort basis, but not with any other fixes or features. Please upgrade your Python version, and then update google-auth.
  warnings.warn(eol_message.format("3.9"), FutureWarning)
/Users/smithkwon/Library/Python/3.9/lib/python/site-packages/urllib3/__init__.py:35: NotOpenSSLWarning: urllib3 v2 only supports OpenSSL 1.1.1+, currently the 'ssl' module is compiled with 'LibreSSL 2.8.3'. See: https://github.com/urllib3/urllib3/issues/3020
  warnings.warn(
Uploading video to YouTube...
=== Upload Complete! ===
Video ID: 13kTJsEcvds
URL: https://youtu.be/13kTJsEcvds
All tasks completed successfully at Thu Jul 30 08:13:41 KST 2026
Starting daily price check and video generation at Fri Jul 31 08:10:00 KST 2026
/Users/smithkwon/Library/Python/3.9/lib/python/site-packages/urllib3/__init__.py:35: NotOpenSSLWarning: urllib3 v2 only supports OpenSSL 1.1.1+, currently the 'ssl' module is compiled with 'LibreSSL 2.8.3'. See: https://github.com/urllib3/urllib3/issues/3020
  warnings.warn(
Fetching latest data from API...
Found 9350 records from data base.
Found 229 newly updated records.
Saved 9350 all trades to /Users/smithkwon/.openclaw/workspace/dailypriceup/data/daily_lists/all_trade_2026_07_31.json
Saved 229 new trades to /Users/smithkwon/.openclaw/workspace/dailypriceup/data/daily_lists/new_trade_2026_07_31.json
Saved 78 ATH records to /Users/smithkwon/.openclaw/workspace/dailypriceup/data/daily_lists/ath_list_2026_07_31.json
Inserted 229 records into DB. Found 78 ATH records.
Image saved to /Users/smithkwon/.openclaw/workspace/dailypriceup/data/daily_shorts_rate.png
Image saved to /Users/smithkwon/.openclaw/workspace/dailypriceup/data/daily_shorts_amount.png
Image saved to /Users/smithkwon/.openclaw/workspace/dailypriceup/data/daily_shorts_lowest.png
Today is Friday, using BGM: Friday.mp3
Image saved to /Users/smithkwon/.openclaw/workspace/dailypriceup/data/daily_shorts_top10.png
Generating 16-second Shorts video (including Top 10)...
Video generation complete: daily_shorts_final.mp4
/Users/smithkwon/Library/Python/3.9/lib/python/site-packages/urllib3/__init__.py:35: NotOpenSSLWarning: urllib3 v2 only supports OpenSSL 1.1.1+, currently the 'ssl' module is compiled with 'LibreSSL 2.8.3'. See: https://github.com/urllib3/urllib3/issues/3020
  warnings.warn(
Found 0 records from data base.
Found 0 newly updated records.
Loaded 229 records from /Users/smithkwon/.openclaw/workspace/dailypriceup/data/daily_lists/new_trade_2026_07_31.json
No ATH file found at /Users/smithkwon/.openclaw/workspace/dailypriceup/data/daily_lists/low_ath_list_2026_07_31.json; no ATH records to process.
Image saved to /Users/smithkwon/.openclaw/workspace/dailypriceup/data/daily_shorts_rate_low.png
Image saved to /Users/smithkwon/.openclaw/workspace/dailypriceup/data/daily_shorts_amount_low.png
Image saved to /Users/smithkwon/.openclaw/workspace/dailypriceup/data/daily_shorts_lowest_low.png
Today is Friday, using BGM: Friday.mp3
Image saved to /Users/smithkwon/.openclaw/workspace/dailypriceup/data/daily_shorts_bottom10.png
Generating 16-second Shorts video (including Bottom 10)...
Video generation complete: daily_shorts_final_low.mp4
Starting YouTube upload at Fri Jul 31 08:13:36 KST 2026
/Users/smithkwon/Library/Python/3.9/lib/python/site-packages/google/api_core/_python_version_support.py:242: FutureWarning: You are using a non-supported Python version (3.9.6). Google will not post any further updates to google.api_core supporting this Python version. Please upgrade to the latest Python version, or at least Python 3.10, and then update google.api_core.
  warnings.warn(message, FutureWarning)
/Users/smithkwon/Library/Python/3.9/lib/python/site-packages/google/auth/__init__.py:54: FutureWarning: You are using a Python version 3.9 past its end of life. Google will update google-auth with critical bug fixes on a best-effort basis, but not with any other fixes or features. Please upgrade your Python version, and then update google-auth.
  warnings.warn(eol_message.format("3.9"), FutureWarning)
/Users/smithkwon/Library/Python/3.9/lib/python/site-packages/google/oauth2/__init__.py:40: FutureWarning: You are using a Python version 3.9 past its end of life. Google will update google-auth with critical bug fixes on a best-effort basis, but not with any other fixes or features. Please upgrade your Python version, and then update google-auth.
  warnings.warn(eol_message.format("3.9"), FutureWarning)
/Users/smithkwon/Library/Python/3.9/lib/python/site-packages/urllib3/__init__.py:35: NotOpenSSLWarning: urllib3 v2 only supports OpenSSL 1.1.1+, currently the 'ssl' module is compiled with 'LibreSSL 2.8.3'. See: https://github.com/urllib3/urllib3/issues/3020
  warnings.warn(
Uploading video to YouTube...
=== Upload Complete! ===
Video ID: WPRaVgGOOJk
URL: https://youtu.be/WPRaVgGOOJk
/Users/smithkwon/Library/Python/3.9/lib/python/site-packages/google/api_core/_python_version_support.py:242: FutureWarning: You are using a non-supported Python version (3.9.6). Google will not post any further updates to google.api_core supporting this Python version. Please upgrade to the latest Python version, or at least Python 3.10, and then update google.api_core.
  warnings.warn(message, FutureWarning)
/Users/smithkwon/Library/Python/3.9/lib/python/site-packages/google/auth/__init__.py:54: FutureWarning: You are using a Python version 3.9 past its end of life. Google will update google-auth with critical bug fixes on a best-effort basis, but not with any other fixes or features. Please upgrade your Python version, and then update google-auth.
  warnings.warn(eol_message.format("3.9"), FutureWarning)
/Users/smithkwon/Library/Python/3.9/lib/python/site-packages/google/oauth2/__init__.py:40: FutureWarning: You are using a Python version 3.9 past its end of life. Google will update google-auth with critical bug fixes on a best-effort basis, but not with any other fixes or features. Please upgrade your Python version, and then update google-auth.
  warnings.warn(eol_message.format("3.9"), FutureWarning)
/Users/smithkwon/Library/Python/3.9/lib/python/site-packages/urllib3/__init__.py:35: NotOpenSSLWarning: urllib3 v2 only supports OpenSSL 1.1.1+, currently the 'ssl' module is compiled with 'LibreSSL 2.8.3'. See: https://github.com/urllib3/urllib3/issues/3020
  warnings.warn(
Uploading video to YouTube...
=== Upload Complete! ===
Video ID: bBaIy730Jtc
URL: https://youtu.be/bBaIy730Jtc
All tasks completed successfully at Fri Jul 31 08:13:44 KST 2026
Starting daily price check and video generation at Sat Aug  1 08:10:00 KST 2026
/Users/smithkwon/Library/Python/3.9/lib/python/site-packages/urllib3/__init__.py:35: NotOpenSSLWarning: urllib3 v2 only supports OpenSSL 1.1.1+, currently the 'ssl' module is compiled with 'LibreSSL 2.8.3'. See: https://github.com/urllib3/urllib3/issues/3020
  warnings.warn(
Fetching latest data from API...
Found 3646 records from data base.
Found 164 newly updated records.
Saved 3646 all trades to /Users/smithkwon/.openclaw/workspace/dailypriceup/data/daily_lists/all_trade_2026_08_01.json
Saved 164 new trades to /Users/smithkwon/.openclaw/workspace/dailypriceup/data/daily_lists/new_trade_2026_08_01.json
Saved 58 ATH records to /Users/smithkwon/.openclaw/workspace/dailypriceup/data/daily_lists/ath_list_2026_08_01.json
Inserted 164 records into DB. Found 58 ATH records.
Image saved to /Users/smithkwon/.openclaw/workspace/dailypriceup/data/daily_shorts_rate.png
Image saved to /Users/smithkwon/.openclaw/workspace/dailypriceup/data/daily_shorts_amount.png
Image saved to /Users/smithkwon/.openclaw/workspace/dailypriceup/data/daily_shorts_lowest.png
Today is Saturday, using BGM: Saturday.mp3
Image saved to /Users/smithkwon/.openclaw/workspace/dailypriceup/data/daily_shorts_top10.png
Generating 16-second Shorts video (including Top 10)...
Video generation complete: daily_shorts_final.mp4
/Users/smithkwon/Library/Python/3.9/lib/python/site-packages/urllib3/__init__.py:35: NotOpenSSLWarning: urllib3 v2 only supports OpenSSL 1.1.1+, currently the 'ssl' module is compiled with 'LibreSSL 2.8.3'. See: https://github.com/urllib3/urllib3/issues/3020
  warnings.warn(
Found 0 records from data base.
Found 0 newly updated records.
Loaded 164 records from /Users/smithkwon/.openclaw/workspace/dailypriceup/data/daily_lists/new_trade_2026_08_01.json
No ATH file found at /Users/smithkwon/.openclaw/workspace/dailypriceup/data/daily_lists/low_ath_list_2026_08_01.json; no ATH records to process.
Image saved to /Users/smithkwon/.openclaw/workspace/dailypriceup/data/daily_shorts_rate_low.png
Image saved to /Users/smithkwon/.openclaw/workspace/dailypriceup/data/daily_shorts_amount_low.png
Image saved to /Users/smithkwon/.openclaw/workspace/dailypriceup/data/daily_shorts_lowest_low.png
Today is Saturday, using BGM: Saturday.mp3
Image saved to /Users/smithkwon/.openclaw/workspace/dailypriceup/data/daily_shorts_bottom10.png
Generating 16-second Shorts video (including Bottom 10)...
Video generation complete: daily_shorts_final_low.mp4
Starting YouTube upload at Sat Aug  1 08:13:31 KST 2026
/Users/smithkwon/Library/Python/3.9/lib/python/site-packages/google/api_core/_python_version_support.py:242: FutureWarning: You are using a non-supported Python version (3.9.6). Google will not post any further updates to google.api_core supporting this Python version. Please upgrade to the latest Python version, or at least Python 3.10, and then update google.api_core.
  warnings.warn(message, FutureWarning)
/Users/smithkwon/Library/Python/3.9/lib/python/site-packages/google/auth/__init__.py:54: FutureWarning: You are using a Python version 3.9 past its end of life. Google will update google-auth with critical bug fixes on a best-effort basis, but not with any other fixes or features. Please upgrade your Python version, and then update google-auth.
  warnings.warn(eol_message.format("3.9"), FutureWarning)
/Users/smithkwon/Library/Python/3.9/lib/python/site-packages/google/oauth2/__init__.py:40: FutureWarning: You are using a Python version 3.9 past its end of life. Google will update google-auth with critical bug fixes on a best-effort basis, but not with any other fixes or features. Please upgrade your Python version, and then update google-auth.
  warnings.warn(eol_message.format("3.9"), FutureWarning)
/Users/smithkwon/Library/Python/3.9/lib/python/site-packages/urllib3/__init__.py:35: NotOpenSSLWarning: urllib3 v2 only supports OpenSSL 1.1.1+, currently the 'ssl' module is compiled with 'LibreSSL 2.8.3'. See: https://github.com/urllib3/urllib3/issues/3020
  warnings.warn(
Uploading video to YouTube...
=== Upload Complete! ===
Video ID: qbp3_n_oAOo
URL: https://youtu.be/qbp3_n_oAOo
/Users/smithkwon/Library/Python/3.9/lib/python/site-packages/google/api_core/_python_version_support.py:242: FutureWarning: You are using a non-supported Python version (3.9.6). Google will not post any further updates to google.api_core supporting this Python version. Please upgrade to the latest Python version, or at least Python 3.10, and then update google.api_core.
  warnings.warn(message, FutureWarning)
/Users/smithkwon/Library/Python/3.9/lib/python/site-packages/google/auth/__init__.py:54: FutureWarning: You are using a Python version 3.9 past its end of life. Google will update google-auth with critical bug fixes on a best-effort basis, but not with any other fixes or features. Please upgrade your Python version, and then update google-auth.
  warnings.warn(eol_message.format("3.9"), FutureWarning)
/Users/smithkwon/Library/Python/3.9/lib/python/site-packages/google/oauth2/__init__.py:40: FutureWarning: You are using a Python version 3.9 past its end of life. Google will update google-auth with critical bug fixes on a best-effort basis, but not with any other fixes or features. Please upgrade your Python version, and then update google-auth.
  warnings.warn(eol_message.format("3.9"), FutureWarning)
/Users/smithkwon/Library/Python/3.9/lib/python/site-packages/urllib3/__init__.py:35: NotOpenSSLWarning: urllib3 v2 only supports OpenSSL 1.1.1+, currently the 'ssl' module is compiled with 'LibreSSL 2.8.3'. See: https://github.com/urllib3/urllib3/issues/3020
  warnings.warn(
Uploading video to YouTube...
=== Upload Complete! ===
Video ID: Qdsbz1Y61_A
URL: https://youtu.be/Qdsbz1Y61_A
All tasks completed successfully at Sat Aug  1 08:13:39 KST 2026
Starting daily price check and video generation at Sun Aug  2 08:10:00 KST 2026
/Users/smithkwon/Library/Python/3.9/lib/python/site-packages/urllib3/__init__.py:35: NotOpenSSLWarning: urllib3 v2 only supports OpenSSL 1.1.1+, currently the 'ssl' module is compiled with 'LibreSSL 2.8.3'. See: https://github.com/urllib3/urllib3/issues/3020
  warnings.warn(
Fetching latest data from API...
Found 3925 records from data base.
Found 37 newly updated records.
Saved 3925 all trades to /Users/smithkwon/.openclaw/workspace/dailypriceup/data/daily_lists/all_trade_2026_08_02.json
Saved 37 new trades to /Users/smithkwon/.openclaw/workspace/dailypriceup/data/daily_lists/new_trade_2026_08_02.json
Saved 21 ATH records to /Users/smithkwon/.openclaw/workspace/dailypriceup/data/daily_lists/ath_list_2026_08_02.json
Inserted 37 records into DB. Found 21 ATH records.
Image saved to /Users/smithkwon/.openclaw/workspace/dailypriceup/data/daily_shorts_rate.png
Image saved to /Users/smithkwon/.openclaw/workspace/dailypriceup/data/daily_shorts_amount.png
Image saved to /Users/smithkwon/.openclaw/workspace/dailypriceup/data/daily_shorts_lowest.png
Today is Sunday, using BGM: Sunday.mp3
Image saved to /Users/smithkwon/.openclaw/workspace/dailypriceup/data/daily_shorts_top10.png
Generating 16-second Shorts video (including Top 10)...
Video generation complete: daily_shorts_final.mp4
/Users/smithkwon/Library/Python/3.9/lib/python/site-packages/urllib3/__init__.py:35: NotOpenSSLWarning: urllib3 v2 only supports OpenSSL 1.1.1+, currently the 'ssl' module is compiled with 'LibreSSL 2.8.3'. See: https://github.com/urllib3/urllib3/issues/3020
  warnings.warn(
Found 0 records from data base.
Found 0 newly updated records.
Loaded 37 records from /Users/smithkwon/.openclaw/workspace/dailypriceup/data/daily_lists/new_trade_2026_08_02.json
No ATH file found at /Users/smithkwon/.openclaw/workspace/dailypriceup/data/daily_lists/low_ath_list_2026_08_02.json; no ATH records to process.
Image saved to /Users/smithkwon/.openclaw/workspace/dailypriceup/data/daily_shorts_rate_low.png
Image saved to /Users/smithkwon/.openclaw/workspace/dailypriceup/data/daily_shorts_amount_low.png
Image saved to /Users/smithkwon/.openclaw/workspace/dailypriceup/data/daily_shorts_lowest_low.png
Today is Sunday, using BGM: Sunday.mp3
Image saved to /Users/smithkwon/.openclaw/workspace/dailypriceup/data/daily_shorts_bottom10.png
Generating 16-second Shorts video (including Bottom 10)...
Video generation complete: daily_shorts_final_low.mp4
Starting YouTube upload at Sun Aug  2 08:11:58 KST 2026
/Users/smithkwon/Library/Python/3.9/lib/python/site-packages/google/api_core/_python_version_support.py:242: FutureWarning: You are using a non-supported Python version (3.9.6). Google will not post any further updates to google.api_core supporting this Python version. Please upgrade to the latest Python version, or at least Python 3.10, and then update google.api_core.
  warnings.warn(message, FutureWarning)
/Users/smithkwon/Library/Python/3.9/lib/python/site-packages/google/auth/__init__.py:54: FutureWarning: You are using a Python version 3.9 past its end of life. Google will update google-auth with critical bug fixes on a best-effort basis, but not with any other fixes or features. Please upgrade your Python version, and then update google-auth.
  warnings.warn(eol_message.format("3.9"), FutureWarning)
/Users/smithkwon/Library/Python/3.9/lib/python/site-packages/google/oauth2/__init__.py:40: FutureWarning: You are using a Python version 3.9 past its end of life. Google will update google-auth with critical bug fixes on a best-effort basis, but not with any other fixes or features. Please upgrade your Python version, and then update google-auth.
  warnings.warn(eol_message.format("3.9"), FutureWarning)
/Users/smithkwon/Library/Python/3.9/lib/python/site-packages/urllib3/__init__.py:35: NotOpenSSLWarning: urllib3 v2 only supports OpenSSL 1.1.1+, currently the 'ssl' module is compiled with 'LibreSSL 2.8.3'. See: https://github.com/urllib3/urllib3/issues/3020
  warnings.warn(
Uploading video to YouTube...
=== Upload Complete! ===
Video ID: OgAQkBe-Q_Q
URL: https://youtu.be/OgAQkBe-Q_Q
/Users/smithkwon/Library/Python/3.9/lib/python/site-packages/google/api_core/_python_version_support.py:242: FutureWarning: You are using a non-supported Python version (3.9.6). Google will not post any further updates to google.api_core supporting this Python version. Please upgrade to the latest Python version, or at least Python 3.10, and then update google.api_core.
  warnings.warn(message, FutureWarning)
/Users/smithkwon/Library/Python/3.9/lib/python/site-packages/google/auth/__init__.py:54: FutureWarning: You are using a Python version 3.9 past its end of life. Google will update google-auth with critical bug fixes on a best-effort basis, but not with any other fixes or features. Please upgrade your Python version, and then update google-auth.
  warnings.warn(eol_message.format("3.9"), FutureWarning)
/Users/smithkwon/Library/Python/3.9/lib/python/site-packages/google/oauth2/__init__.py:40: FutureWarning: You are using a Python version 3.9 past its end of life. Google will update google-auth with critical bug fixes on a best-effort basis, but not with any other fixes or features. Please upgrade your Python version, and then update google-auth.
  warnings.warn(eol_message.format("3.9"), FutureWarning)
/Users/smithkwon/Library/Python/3.9/lib/python/site-packages/urllib3/__init__.py:35: NotOpenSSLWarning: urllib3 v2 only supports OpenSSL 1.1.1+, currently the 'ssl' module is compiled with 'LibreSSL 2.8.3'. See: https://github.com/urllib3/urllib3/issues/3020
  warnings.warn(
Uploading video to YouTube...
=== Upload Complete! ===
Video ID: iVFFgHb7ik4
URL: https://youtu.be/iVFFgHb7ik4
All tasks completed successfully at Sun Aug  2 08:12:11 KST 2026
Starting daily price check and video generation at Mon Aug  3 08:10:00 KST 2026
/Users/smithkwon/Library/Python/3.9/lib/python/site-packages/urllib3/__init__.py:35: NotOpenSSLWarning: urllib3 v2 only supports OpenSSL 1.1.1+, currently the 'ssl' module is compiled with 'LibreSSL 2.8.3'. See: https://github.com/urllib3/urllib3/issues/3020
  warnings.warn(
Fetching latest data from API...
Found 3938 records from data base.
Found 13 newly updated records.
Saved 3938 all trades to /Users/smithkwon/.openclaw/workspace/dailypriceup/data/daily_lists/all_trade_2026_08_03.json
Saved 13 new trades to /Users/smithkwon/.openclaw/workspace/dailypriceup/data/daily_lists/new_trade_2026_08_03.json
Saved 6 ATH records to /Users/smithkwon/.openclaw/workspace/dailypriceup/data/daily_lists/ath_list_2026_08_03.json
Inserted 13 records into DB. Found 6 ATH records.
Image saved to /Users/smithkwon/.openclaw/workspace/dailypriceup/data/daily_shorts_rate.png
Image saved to /Users/smithkwon/.openclaw/workspace/dailypriceup/data/daily_shorts_amount.png
Image saved to /Users/smithkwon/.openclaw/workspace/dailypriceup/data/daily_shorts_lowest.png
Today is Monday, using BGM: TechLive.mp3
Image saved to /Users/smithkwon/.openclaw/workspace/dailypriceup/data/daily_shorts_top10.png
Generating 16-second Shorts video (including Top 10)...
Video generation complete: daily_shorts_final.mp4
/Users/smithkwon/Library/Python/3.9/lib/python/site-packages/urllib3/__init__.py:35: NotOpenSSLWarning: urllib3 v2 only supports OpenSSL 1.1.1+, currently the 'ssl' module is compiled with 'LibreSSL 2.8.3'. See: https://github.com/urllib3/urllib3/issues/3020
  warnings.warn(
Found 0 records from data base.
Found 0 newly updated records.
Loaded 13 records from /Users/smithkwon/.openclaw/workspace/dailypriceup/data/daily_lists/new_trade_2026_08_03.json
No ATH file found at /Users/smithkwon/.openclaw/workspace/dailypriceup/data/daily_lists/low_ath_list_2026_08_03.json; no ATH records to process.
Image saved to /Users/smithkwon/.openclaw/workspace/dailypriceup/data/daily_shorts_rate_low.png
Image saved to /Users/smithkwon/.openclaw/workspace/dailypriceup/data/daily_shorts_amount_low.png
Image saved to /Users/smithkwon/.openclaw/workspace/dailypriceup/data/daily_shorts_lowest_low.png
Today is Monday, using BGM: TechLive.mp3
Image saved to /Users/smithkwon/.openclaw/workspace/dailypriceup/data/daily_shorts_bottom10.png
Generating 16-second Shorts video (including Bottom 10)...
Video generation complete: daily_shorts_final_low.mp4
Starting YouTube upload at Mon Aug  3 08:10:31 KST 2026
/Users/smithkwon/Library/Python/3.9/lib/python/site-packages/google/api_core/_python_version_support.py:242: FutureWarning: You are using a non-supported Python version (3.9.6). Google will not post any further updates to google.api_core supporting this Python version. Please upgrade to the latest Python version, or at least Python 3.10, and then update google.api_core.
  warnings.warn(message, FutureWarning)
/Users/smithkwon/Library/Python/3.9/lib/python/site-packages/google/auth/__init__.py:54: FutureWarning: You are using a Python version 3.9 past its end of life. Google will update google-auth with critical bug fixes on a best-effort basis, but not with any other fixes or features. Please upgrade your Python version, and then update google-auth.
  warnings.warn(eol_message.format("3.9"), FutureWarning)
/Users/smithkwon/Library/Python/3.9/lib/python/site-packages/google/oauth2/__init__.py:40: FutureWarning: You are using a Python version 3.9 past its end of life. Google will update google-auth with critical bug fixes on a best-effort basis, but not with any other fixes or features. Please upgrade your Python version, and then update google-auth.
  warnings.warn(eol_message.format("3.9"), FutureWarning)
/Users/smithkwon/Library/Python/3.9/lib/python/site-packages/urllib3/__init__.py:35: NotOpenSSLWarning: urllib3 v2 only supports OpenSSL 1.1.1+, currently the 'ssl' module is compiled with 'LibreSSL 2.8.3'. See: https://github.com/urllib3/urllib3/issues/3020
  warnings.warn(
Uploading video to YouTube...
=== Upload Complete! ===
Video ID: 0uUG79j0QN4
URL: https://youtu.be/0uUG79j0QN4
/Users/smithkwon/Library/Python/3.9/lib/python/site-packages/google/api_core/_python_version_support.py:242: FutureWarning: You are using a non-supported Python version (3.9.6). Google will not post any further updates to google.api_core supporting this Python version. Please upgrade to the latest Python version, or at least Python 3.10, and then update google.api_core.
  warnings.warn(message, FutureWarning)
/Users/smithkwon/Library/Python/3.9/lib/python/site-packages/google/auth/__init__.py:54: FutureWarning: You are using a Python version 3.9 past its end of life. Google will update google-auth with critical bug fixes on a best-effort basis, but not with any other fixes or features. Please upgrade your Python version, and then update google-auth.
  warnings.warn(eol_message.format("3.9"), FutureWarning)
/Users/smithkwon/Library/Python/3.9/lib/python/site-packages/google/oauth2/__init__.py:40: FutureWarning: You are using a Python version 3.9 past its end of life. Google will update google-auth with critical bug fixes on a best-effort basis, but not with any other fixes or features. Please upgrade your Python version, and then update google-auth.
  warnings.warn(eol_message.format("3.9"), FutureWarning)
/Users/smithkwon/Library/Python/3.9/lib/python/site-packages/urllib3/__init__.py:35: NotOpenSSLWarning: urllib3 v2 only supports OpenSSL 1.1.1+, currently the 'ssl' module is compiled with 'LibreSSL 2.8.3'. See: https://github.com/urllib3/urllib3/issues/3020
  warnings.warn(
Uploading video to YouTube...
=== Upload Complete! ===
Video ID: KS8vIUEgWmw
URL: https://youtu.be/KS8vIUEgWmw
All tasks completed successfully at Mon Aug  3 08:10:40 KST 2026
Starting daily price check and video generation at Tue Aug  4 08:10:00 KST 2026
/Users/smithkwon/Library/Python/3.9/lib/python/site-packages/urllib3/__init__.py:35: NotOpenSSLWarning: urllib3 v2 only supports OpenSSL 1.1.1+, currently the 'ssl' module is compiled with 'LibreSSL 2.8.3'. See: https://github.com/urllib3/urllib3/issues/3020
  warnings.warn(
Fetching latest data from API...
Found 4209 records from data base.
Found 267 newly updated records.
Saved 4209 all trades to /Users/smithkwon/.openclaw/workspace/dailypriceup/data/daily_lists/all_trade_2026_08_04.json
Saved 267 new trades to /Users/smithkwon/.openclaw/workspace/dailypriceup/data/daily_lists/new_trade_2026_08_04.json
Saved 87 ATH records to /Users/smithkwon/.openclaw/workspace/dailypriceup/data/daily_lists/ath_list_2026_08_04.json
Inserted 267 records into DB. Found 87 ATH records.
Image saved to /Users/smithkwon/.openclaw/workspace/dailypriceup/data/daily_shorts_rate.png
Image saved to /Users/smithkwon/.openclaw/workspace/dailypriceup/data/daily_shorts_amount.png
Image saved to /Users/smithkwon/.openclaw/workspace/dailypriceup/data/daily_shorts_lowest.png
Today is Tuesday, using BGM: Tuesday.mp3
Image saved to /Users/smithkwon/.openclaw/workspace/dailypriceup/data/daily_shorts_top10.png
Generating 16-second Shorts video (including Top 10)...
Video generation complete: daily_shorts_final.mp4
/Users/smithkwon/Library/Python/3.9/lib/python/site-packages/urllib3/__init__.py:35: NotOpenSSLWarning: urllib3 v2 only supports OpenSSL 1.1.1+, currently the 'ssl' module is compiled with 'LibreSSL 2.8.3'. See: https://github.com/urllib3/urllib3/issues/3020
  warnings.warn(
Found 0 records from data base.
Found 0 newly updated records.
Loaded 267 records from /Users/smithkwon/.openclaw/workspace/dailypriceup/data/daily_lists/new_trade_2026_08_04.json
No ATH file found at /Users/smithkwon/.openclaw/workspace/dailypriceup/data/daily_lists/low_ath_list_2026_08_04.json; no ATH records to process.
Image saved to /Users/smithkwon/.openclaw/workspace/dailypriceup/data/daily_shorts_rate_low.png
Image saved to /Users/smithkwon/.openclaw/workspace/dailypriceup/data/daily_shorts_amount_low.png
Image saved to /Users/smithkwon/.openclaw/workspace/dailypriceup/data/daily_shorts_lowest_low.png
Today is Tuesday, using BGM: Tuesday.mp3
Image saved to /Users/smithkwon/.openclaw/workspace/dailypriceup/data/daily_shorts_bottom10.png
Generating 16-second Shorts video (including Bottom 10)...
Video generation complete: daily_shorts_final_low.mp4
Starting YouTube upload at Tue Aug  4 08:10:30 KST 2026
/Users/smithkwon/Library/Python/3.9/lib/python/site-packages/google/api_core/_python_version_support.py:242: FutureWarning: You are using a non-supported Python version (3.9.6). Google will not post any further updates to google.api_core supporting this Python version. Please upgrade to the latest Python version, or at least Python 3.10, and then update google.api_core.
  warnings.warn(message, FutureWarning)
/Users/smithkwon/Library/Python/3.9/lib/python/site-packages/google/auth/__init__.py:54: FutureWarning: You are using a Python version 3.9 past its end of life. Google will update google-auth with critical bug fixes on a best-effort basis, but not with any other fixes or features. Please upgrade your Python version, and then update google-auth.
  warnings.warn(eol_message.format("3.9"), FutureWarning)
/Users/smithkwon/Library/Python/3.9/lib/python/site-packages/google/oauth2/__init__.py:40: FutureWarning: You are using a Python version 3.9 past its end of life. Google will update google-auth with critical bug fixes on a best-effort basis, but not with any other fixes or features. Please upgrade your Python version, and then update google-auth.
  warnings.warn(eol_message.format("3.9"), FutureWarning)
/Users/smithkwon/Library/Python/3.9/lib/python/site-packages/urllib3/__init__.py:35: NotOpenSSLWarning: urllib3 v2 only supports OpenSSL 1.1.1+, currently the 'ssl' module is compiled with 'LibreSSL 2.8.3'. See: https://github.com/urllib3/urllib3/issues/3020
  warnings.warn(
Uploading video to YouTube...
=== Upload Complete! ===
Video ID: O2EpRqcoqwI
URL: https://youtu.be/O2EpRqcoqwI
/Users/smithkwon/Library/Python/3.9/lib/python/site-packages/google/api_core/_python_version_support.py:242: FutureWarning: You are using a non-supported Python version (3.9.6). Google will not post any further updates to google.api_core supporting this Python version. Please upgrade to the latest Python version, or at least Python 3.10, and then update google.api_core.
  warnings.warn(message, FutureWarning)
/Users/smithkwon/Library/Python/3.9/lib/python/site-packages/google/auth/__init__.py:54: FutureWarning: You are using a Python version 3.9 past its end of life. Google will update google-auth with critical bug fixes on a best-effort basis, but not with any other fixes or features. Please upgrade your Python version, and then update google-auth.
  warnings.warn(eol_message.format("3.9"), FutureWarning)
/Users/smithkwon/Library/Python/3.9/lib/python/site-packages/google/oauth2/__init__.py:40: FutureWarning: You are using a Python version 3.9 past its end of life. Google will update google-auth with critical bug fixes on a best-effort basis, but not with any other fixes or features. Please upgrade your Python version, and then update google-auth.
  warnings.warn(eol_message.format("3.9"), FutureWarning)
/Users/smithkwon/Library/Python/3.9/lib/python/site-packages/urllib3/__init__.py:35: NotOpenSSLWarning: urllib3 v2 only supports OpenSSL 1.1.1+, currently the 'ssl' module is compiled with 'LibreSSL 2.8.3'. See: https://github.com/urllib3/urllib3/issues/3020
  warnings.warn(
Uploading video to YouTube...
=== Upload Complete! ===
Video ID: cS9P2NCuXgs
URL: https://youtu.be/cS9P2NCuXgs
All tasks completed successfully at Tue Aug  4 08:10:38 KST 2026
Starting daily price check and video generation at Wed Aug  5 08:10:00 KST 2026
/Users/smithkwon/Library/Python/3.9/lib/python/site-packages/urllib3/__init__.py:35: NotOpenSSLWarning: urllib3 v2 only supports OpenSSL 1.1.1+, currently the 'ssl' module is compiled with 'LibreSSL 2.8.3'. See: https://github.com/urllib3/urllib3/issues/3020
  warnings.warn(
Fetching latest data from API...
Found 4418 records from data base.
Found 208 newly updated records.
Saved 4418 all trades to /Users/smithkwon/.openclaw/workspace/dailypriceup/data/daily_lists/all_trade_2026_08_05.json
Saved 208 new trades to /Users/smithkwon/.openclaw/workspace/dailypriceup/data/daily_lists/new_trade_2026_08_05.json
Saved 68 ATH records to /Users/smithkwon/.openclaw/workspace/dailypriceup/data/daily_lists/ath_list_2026_08_05.json
Inserted 208 records into DB. Found 68 ATH records.
Image saved to /Users/smithkwon/.openclaw/workspace/dailypriceup/data/daily_shorts_rate.png
Image saved to /Users/smithkwon/.openclaw/workspace/dailypriceup/data/daily_shorts_amount.png
Image saved to /Users/smithkwon/.openclaw/workspace/dailypriceup/data/daily_shorts_lowest.png
Today is Wednesday, using BGM: Wednesday.mp3
Image saved to /Users/smithkwon/.openclaw/workspace/dailypriceup/data/daily_shorts_top10.png
Generating 16-second Shorts video (including Top 10)...
Video generation complete: daily_shorts_final.mp4
/Users/smithkwon/Library/Python/3.9/lib/python/site-packages/urllib3/__init__.py:35: NotOpenSSLWarning: urllib3 v2 only supports OpenSSL 1.1.1+, currently the 'ssl' module is compiled with 'LibreSSL 2.8.3'. See: https://github.com/urllib3/urllib3/issues/3020
  warnings.warn(
Found 0 records from data base.
Found 0 newly updated records.
Loaded 208 records from /Users/smithkwon/.openclaw/workspace/dailypriceup/data/daily_lists/new_trade_2026_08_05.json
No ATH file found at /Users/smithkwon/.openclaw/workspace/dailypriceup/data/daily_lists/low_ath_list_2026_08_05.json; no ATH records to process.
Image saved to /Users/smithkwon/.openclaw/workspace/dailypriceup/data/daily_shorts_rate_low.png
Image saved to /Users/smithkwon/.openclaw/workspace/dailypriceup/data/daily_shorts_amount_low.png
Image saved to /Users/smithkwon/.openclaw/workspace/dailypriceup/data/daily_shorts_lowest_low.png
Today is Wednesday, using BGM: Wednesday.mp3
Image saved to /Users/smithkwon/.openclaw/workspace/dailypriceup/data/daily_shorts_bottom10.png
Generating 16-second Shorts video (including Bottom 10)...
Video generation complete: daily_shorts_final_low.mp4
Starting YouTube upload at Wed Aug  5 08:10:30 KST 2026
/Users/smithkwon/Library/Python/3.9/lib/python/site-packages/google/api_core/_python_version_support.py:242: FutureWarning: You are using a non-supported Python version (3.9.6). Google will not post any further updates to google.api_core supporting this Python version. Please upgrade to the latest Python version, or at least Python 3.10, and then update google.api_core.
  warnings.warn(message, FutureWarning)
/Users/smithkwon/Library/Python/3.9/lib/python/site-packages/google/auth/__init__.py:54: FutureWarning: You are using a Python version 3.9 past its end of life. Google will update google-auth with critical bug fixes on a best-effort basis, but not with any other fixes or features. Please upgrade your Python version, and then update google-auth.
  warnings.warn(eol_message.format("3.9"), FutureWarning)
/Users/smithkwon/Library/Python/3.9/lib/python/site-packages/google/oauth2/__init__.py:40: FutureWarning: You are using a Python version 3.9 past its end of life. Google will update google-auth with critical bug fixes on a best-effort basis, but not with any other fixes or features. Please upgrade your Python version, and then update google-auth.
  warnings.warn(eol_message.format("3.9"), FutureWarning)
/Users/smithkwon/Library/Python/3.9/lib/python/site-packages/urllib3/__init__.py:35: NotOpenSSLWarning: urllib3 v2 only supports OpenSSL 1.1.1+, currently the 'ssl' module is compiled with 'LibreSSL 2.8.3'. See: https://github.com/urllib3/urllib3/issues/3020
  warnings.warn(
Uploading video to YouTube...
=== Upload Complete! ===
Video ID: OSZfGn1JSDs
URL: https://youtu.be/OSZfGn1JSDs
/Users/smithkwon/Library/Python/3.9/lib/python/site-packages/google/api_core/_python_version_support.py:242: FutureWarning: You are using a non-supported Python version (3.9.6). Google will not post any further updates to google.api_core supporting this Python version. Please upgrade to the latest Python version, or at least Python 3.10, and then update google.api_core.
  warnings.warn(message, FutureWarning)
/Users/smithkwon/Library/Python/3.9/lib/python/site-packages/google/auth/__init__.py:54: FutureWarning: You are using a Python version 3.9 past its end of life. Google will update google-auth with critical bug fixes on a best-effort basis, but not with any other fixes or features. Please upgrade your Python version, and then update google-auth.
  warnings.warn(eol_message.format("3.9"), FutureWarning)
/Users/smithkwon/Library/Python/3.9/lib/python/site-packages/google/oauth2/__init__.py:40: FutureWarning: You are using a Python version 3.9 past its end of life. Google will update google-auth with critical bug fixes on a best-effort basis, but not with any other fixes or features. Please upgrade your Python version, and then update google-auth.
  warnings.warn(eol_message.format("3.9"), FutureWarning)
/Users/smithkwon/Library/Python/3.9/lib/python/site-packages/urllib3/__init__.py:35: NotOpenSSLWarning: urllib3 v2 only supports OpenSSL 1.1.1+, currently the 'ssl' module is compiled with 'LibreSSL 2.8.3'. See: https://github.com/urllib3/urllib3/issues/3020
  warnings.warn(
Uploading video to YouTube...
=== Upload Complete! ===
Video ID: Uzln9X709Po
URL: https://youtu.be/Uzln9X709Po
All tasks completed successfully at Wed Aug  5 08:10:37 KST 2026
Starting daily price check and video generation at Thu Aug  6 08:10:01 KST 2026
/Users/smithkwon/Library/Python/3.9/lib/python/site-packages/urllib3/__init__.py:35: NotOpenSSLWarning: urllib3 v2 only supports OpenSSL 1.1.1+, currently the 'ssl' module is compiled with 'LibreSSL 2.8.3'. See: https://github.com/urllib3/urllib3/issues/3020
  warnings.warn(
Fetching latest data from API...
Found 4412 records from data base.
Found 0 newly updated records.
Saved 4412 all trades to /Users/smithkwon/.openclaw/workspace/dailypriceup/data/daily_lists/all_trade_2026_08_06.json
No file found at /Users/smithkwon/.openclaw/workspace/dailypriceup/data/daily_lists/new_trade_2026_08_06.json; no new_trades to process.
No ATH file found at /Users/smithkwon/.openclaw/workspace/dailypriceup/data/daily_lists/ath_list_2026_08_06.json; no ATH records to process.
Image saved to /Users/smithkwon/.openclaw/workspace/dailypriceup/data/daily_shorts_rate.png
Image saved to /Users/smithkwon/.openclaw/workspace/dailypriceup/data/daily_shorts_amount.png
Image saved to /Users/smithkwon/.openclaw/workspace/dailypriceup/data/daily_shorts_lowest.png
Today is Thursday, using BGM: Thursday.mp3
Image saved to /Users/smithkwon/.openclaw/workspace/dailypriceup/data/daily_shorts_top10.png
Generating 16-second Shorts video (including Top 10)...
Video generation complete: daily_shorts_final.mp4
/Users/smithkwon/Library/Python/3.9/lib/python/site-packages/urllib3/__init__.py:35: NotOpenSSLWarning: urllib3 v2 only supports OpenSSL 1.1.1+, currently the 'ssl' module is compiled with 'LibreSSL 2.8.3'. See: https://github.com/urllib3/urllib3/issues/3020
  warnings.warn(
Fetching latest data from API...
Found 4412 records from data base.
Found 0 newly updated records.
No file found at /Users/smithkwon/.openclaw/workspace/dailypriceup/data/daily_lists/new_trade_2026_08_06.json; no new_trades to process.
No ATH file found at /Users/smithkwon/.openclaw/workspace/dailypriceup/data/daily_lists/low_ath_list_2026_08_06.json; no ATH records to process.
Image saved to /Users/smithkwon/.openclaw/workspace/dailypriceup/data/daily_shorts_rate_low.png
Image saved to /Users/smithkwon/.openclaw/workspace/dailypriceup/data/daily_shorts_amount_low.png
Image saved to /Users/smithkwon/.openclaw/workspace/dailypriceup/data/daily_shorts_lowest_low.png
Today is Thursday, using BGM: Thursday.mp3
Image saved to /Users/smithkwon/.openclaw/workspace/dailypriceup/data/daily_shorts_bottom10.png
Generating 16-second Shorts video (including Bottom 10)...
Video generation complete: daily_shorts_final_low.mp4
Starting YouTube upload at Thu Aug  6 08:10:42 KST 2026
/Users/smithkwon/Library/Python/3.9/lib/python/site-packages/google/api_core/_python_version_support.py:242: FutureWarning: You are using a non-supported Python version (3.9.6). Google will not post any further updates to google.api_core supporting this Python version. Please upgrade to the latest Python version, or at least Python 3.10, and then update google.api_core.
  warnings.warn(message, FutureWarning)
/Users/smithkwon/Library/Python/3.9/lib/python/site-packages/google/auth/__init__.py:54: FutureWarning: You are using a Python version 3.9 past its end of life. Google will update google-auth with critical bug fixes on a best-effort basis, but not with any other fixes or features. Please upgrade your Python version, and then update google-auth.
  warnings.warn(eol_message.format("3.9"), FutureWarning)
/Users/smithkwon/Library/Python/3.9/lib/python/site-packages/google/oauth2/__init__.py:40: FutureWarning: You are using a Python version 3.9 past its end of life. Google will update google-auth with critical bug fixes on a best-effort basis, but not with any other fixes or features. Please upgrade your Python version, and then update google-auth.
  warnings.warn(eol_message.format("3.9"), FutureWarning)
/Users/smithkwon/Library/Python/3.9/lib/python/site-packages/urllib3/__init__.py:35: NotOpenSSLWarning: urllib3 v2 only supports OpenSSL 1.1.1+, currently the 'ssl' module is compiled with 'LibreSSL 2.8.3'. See: https://github.com/urllib3/urllib3/issues/3020
  warnings.warn(
Uploading video to YouTube...
=== Upload Complete! ===
Video ID: lzWCd4OWTYU
URL: https://youtu.be/lzWCd4OWTYU
/Users/smithkwon/Library/Python/3.9/lib/python/site-packages/google/api_core/_python_version_support.py:242: FutureWarning: You are using a non-supported Python version (3.9.6). Google will not post any further updates to google.api_core supporting this Python version. Please upgrade to the latest Python version, or at least Python 3.10, and then update google.api_core.
  warnings.warn(message, FutureWarning)
/Users/smithkwon/Library/Python/3.9/lib/python/site-packages/google/auth/__init__.py:54: FutureWarning: You are using a Python version 3.9 past its end of life. Google will update google-auth with critical bug fixes on a best-effort basis, but not with any other fixes or features. Please upgrade your Python version, and then update google-auth.
  warnings.warn(eol_message.format("3.9"), FutureWarning)
/Users/smithkwon/Library/Python/3.9/lib/python/site-packages/google/oauth2/__init__.py:40: FutureWarning: You are using a Python version 3.9 past its end of life. Google will update google-auth with critical bug fixes on a best-effort basis, but not with any other fixes or features. Please upgrade your Python version, and then update google-auth.
  warnings.warn(eol_message.format("3.9"), FutureWarning)
/Users/smithkwon/Library/Python/3.9/lib/python/site-packages/urllib3/__init__.py:35: NotOpenSSLWarning: urllib3 v2 only supports OpenSSL 1.1.1+, currently the 'ssl' module is compiled with 'LibreSSL 2.8.3'. See: https://github.com/urllib3/urllib3/issues/3020
  warnings.warn(
Uploading video to YouTube...
=== Upload Complete! ===
Video ID: dAq2wLw1aKk
URL: https://youtu.be/dAq2wLw1aKk
All tasks completed successfully at Thu Aug  6 08:10:50 KST 2026
Fetching latest data from API...
Found 4839 records from data base.
Found 417 newly updated records.
Saved 4839 all trades to /Users/smithkwon/.openclaw/workspace/dailypriceup/data/daily_lists/all_trade_2026_08_07.json
Saved 417 new trades to /Users/smithkwon/.openclaw/workspace/dailypriceup/data/daily_lists/new_trade_2026_08_07.json
Saved 110 ATH records to /Users/smithkwon/.openclaw/workspace/dailypriceup/data/daily_lists/ath_list_2026_08_07.json
Inserted 417 records into DB. Found 110 ATH records.
Image saved to /Users/smithkwon/.openclaw/workspace/dailypriceup/data/daily_shorts_rate.png
Image saved to /Users/smithkwon/.openclaw/workspace/dailypriceup/data/daily_shorts_amount.png
Image saved to /Users/smithkwon/.openclaw/workspace/dailypriceup/data/daily_shorts_lowest.png
Today is Friday, using BGM: Friday.mp3
Image saved to /Users/smithkwon/.openclaw/workspace/dailypriceup/data/daily_shorts_top10.png
Generating 16-second Shorts video (including Top 10)...
Video generation complete: daily_shorts_final.mp4
Uploading video to YouTube...
=== Upload Complete! ===
Video ID: BErPUGgJ9BE
URL: https://youtu.be/BErPUGgJ9BE
Found 0 records from data base.
Found 0 newly updated records.
Loaded 417 records from /Users/smithkwon/.openclaw/workspace/dailypriceup/data/daily_lists/new_trade_2026_08_07.json
No ATH file found at /Users/smithkwon/.openclaw/workspace/dailypriceup/data/daily_lists/low_ath_list_2026_08_07.json; no ATH records to process.
Image saved to /Users/smithkwon/.openclaw/workspace/dailypriceup/data/daily_shorts_rate_low.png
Image saved to /Users/smithkwon/.openclaw/workspace/dailypriceup/data/daily_shorts_amount_low.png
Image saved to /Users/smithkwon/.openclaw/workspace/dailypriceup/data/daily_shorts_lowest_low.png
Today is Friday, using BGM: Friday.mp3
Image saved to /Users/smithkwon/.openclaw/workspace/dailypriceup/data/daily_shorts_bottom10.png
Generating 16-second Shorts video (including Bottom 10)...
Video generation complete: daily_shorts_final_low.mp4
Uploading video to YouTube...
=== Upload Complete! ===
Video ID: 3hSW7rc7boM
URL: https://youtu.be/3hSW7rc7boM
Cron job completed at Fri Aug  7 08:10:48 KST 2026
Fetching latest data from API...
Found 5028 records from data base.
Found 186 newly updated records.
Saved 5028 all trades to /Users/smithkwon/.openclaw/workspace/dailypriceup/data/daily_lists/all_trade_2026_08_08.json
Saved 186 new trades to /Users/smithkwon/.openclaw/workspace/dailypriceup/data/daily_lists/new_trade_2026_08_08.json
Saved 53 ATH records to /Users/smithkwon/.openclaw/workspace/dailypriceup/data/daily_lists/ath_list_2026_08_08.json
Inserted 186 records into DB. Found 53 ATH records.
Image saved to /Users/smithkwon/.openclaw/workspace/dailypriceup/data/daily_shorts_rate.png
Image saved to /Users/smithkwon/.openclaw/workspace/dailypriceup/data/daily_shorts_amount.png
Image saved to /Users/smithkwon/.openclaw/workspace/dailypriceup/data/daily_shorts_lowest.png
Today is Saturday, using BGM: Saturday.mp3
Image saved to /Users/smithkwon/.openclaw/workspace/dailypriceup/data/daily_shorts_top10.png
Generating 16-second Shorts video (including Top 10)...
Video generation complete: daily_shorts_final.mp4
Uploading video to YouTube...
=== Upload Complete! ===
Video ID: p0suzra2kKY
URL: https://youtu.be/p0suzra2kKY
Found 0 records from data base.
Found 0 newly updated records.
Loaded 186 records from /Users/smithkwon/.openclaw/workspace/dailypriceup/data/daily_lists/new_trade_2026_08_08.json
No ATH file found at /Users/smithkwon/.openclaw/workspace/dailypriceup/data/daily_lists/low_ath_list_2026_08_08.json; no ATH records to process.
Image saved to /Users/smithkwon/.openclaw/workspace/dailypriceup/data/daily_shorts_rate_low.png
Image saved to /Users/smithkwon/.openclaw/workspace/dailypriceup/data/daily_shorts_amount_low.png
Image saved to /Users/smithkwon/.openclaw/workspace/dailypriceup/data/daily_shorts_lowest_low.png
Today is Saturday, using BGM: Saturday.mp3
Image saved to /Users/smithkwon/.openclaw/workspace/dailypriceup/data/daily_shorts_bottom10.png
Generating 16-second Shorts video (including Bottom 10)...
Video generation complete: daily_shorts_final_low.mp4
Uploading video to YouTube...
=== Upload Complete! ===
Video ID: P030rThYcV8
URL: https://youtu.be/P030rThYcV8
Cron job completed at Sat Aug  8 08:10:38 KST 2026
Fetching latest data from API...
Found 5068 records from data base.
Found 39 newly updated records.
Saved 5068 all trades to /Users/smithkwon/.openclaw/workspace/dailypriceup/data/daily_lists/all_trade_2026_08_09.json
Saved 39 new trades to /Users/smithkwon/.openclaw/workspace/dailypriceup/data/daily_lists/new_trade_2026_08_09.json
Saved 12 ATH records to /Users/smithkwon/.openclaw/workspace/dailypriceup/data/daily_lists/ath_list_2026_08_09.json
Inserted 39 records into DB. Found 12 ATH records.
Image saved to /Users/smithkwon/.openclaw/workspace/dailypriceup/data/daily_shorts_rate.png
Image saved to /Users/smithkwon/.openclaw/workspace/dailypriceup/data/daily_shorts_amount.png
Image saved to /Users/smithkwon/.openclaw/workspace/dailypriceup/data/daily_shorts_lowest.png
Today is Sunday, using BGM: Sunday.mp3
Image saved to /Users/smithkwon/.openclaw/workspace/dailypriceup/data/daily_shorts_top10.png
Generating 16-second Shorts video (including Top 10)...
Video generation complete: daily_shorts_final.mp4
Uploading video to YouTube...
=== Upload Complete! ===
Video ID: 8qdGeLan1Ew
URL: https://youtu.be/8qdGeLan1Ew
Found 0 records from data base.
Found 0 newly updated records.
Loaded 39 records from /Users/smithkwon/.openclaw/workspace/dailypriceup/data/daily_lists/new_trade_2026_08_09.json
No ATH file found at /Users/smithkwon/.openclaw/workspace/dailypriceup/data/daily_lists/low_ath_list_2026_08_09.json; no ATH records to process.
Image saved to /Users/smithkwon/.openclaw/workspace/dailypriceup/data/daily_shorts_rate_low.png
Image saved to /Users/smithkwon/.openclaw/workspace/dailypriceup/data/daily_shorts_amount_low.png
Image saved to /Users/smithkwon/.openclaw/workspace/dailypriceup/data/daily_shorts_lowest_low.png
Today is Sunday, using BGM: Sunday.mp3
Image saved to /Users/smithkwon/.openclaw/workspace/dailypriceup/data/daily_shorts_bottom10.png
Generating 16-second Shorts video (including Bottom 10)...
Video generation complete: daily_shorts_final_low.mp4
Uploading video to YouTube...
=== Upload Complete! ===
Video ID: xuprMXQcV4k
URL: https://youtu.be/xuprMXQcV4k
Cron job completed at Sun Aug  9 08:10:45 KST 2026
Fetching latest data from API...
Found 4778 records from data base.
Found 4 newly updated records.
Saved 4778 all trades to /Users/smithkwon/.openclaw/workspace/dailypriceup/data/daily_lists/all_trade_2026_08_10.json
Saved 4 new trades to /Users/smithkwon/.openclaw/workspace/dailypriceup/data/daily_lists/new_trade_2026_08_10.json
Saved 4 ATH records to /Users/smithkwon/.openclaw/workspace/dailypriceup/data/daily_lists/ath_list_2026_08_10.json
Inserted 4 records into DB. Found 4 ATH records.
Image saved to /Users/smithkwon/.openclaw/workspace/dailypriceup/data/daily_shorts_rate.png
Image saved to /Users/smithkwon/.openclaw/workspace/dailypriceup/data/daily_shorts_amount.png
Image saved to /Users/smithkwon/.openclaw/workspace/dailypriceup/data/daily_shorts_lowest.png
Today is Monday, using BGM: TechLive.mp3
Image saved to /Users/smithkwon/.openclaw/workspace/dailypriceup/data/daily_shorts_top10.png
Generating 16-second Shorts video (including Top 10)...
Video generation complete: daily_shorts_final.mp4
Uploading video to YouTube...
=== Upload Complete! ===
Video ID: SwB9FJIDsEA
URL: https://youtu.be/SwB9FJIDsEA
Found 0 records from data base.
Found 0 newly updated records.
Loaded 4 records from /Users/smithkwon/.openclaw/workspace/dailypriceup/data/daily_lists/new_trade_2026_08_10.json
No ATH file found at /Users/smithkwon/.openclaw/workspace/dailypriceup/data/daily_lists/low_ath_list_2026_08_10.json; no ATH records to process.
Image saved to /Users/smithkwon/.openclaw/workspace/dailypriceup/data/daily_shorts_rate_low.png
Image saved to /Users/smithkwon/.openclaw/workspace/dailypriceup/data/daily_shorts_amount_low.png
Image saved to /Users/smithkwon/.openclaw/workspace/dailypriceup/data/daily_shorts_lowest_low.png
Today is Monday, using BGM: TechLive.mp3
Image saved to /Users/smithkwon/.openclaw/workspace/dailypriceup/data/daily_shorts_bottom10.png
Generating 16-second Shorts video (including Bottom 10)...
Video generation complete: daily_shorts_final_low.mp4
Uploading video to YouTube...
=== Upload Complete! ===
Video ID: Q0NlHv251Ls
URL: https://youtu.be/Q0NlHv251Ls
Cron job completed at Mon Aug 10 08:10:50 KST 2026
Fetching latest data from API...
Found 5403 records from data base.
Found 329 newly updated records.
Saved 5403 all trades to /Users/smithkwon/.openclaw/workspace/dailypriceup/data/daily_lists/all_trade_2026_08_11.json
Saved 329 new trades to /Users/smithkwon/.openclaw/workspace/dailypriceup/data/daily_lists/new_trade_2026_08_11.json
Saved 96 ATH records to /Users/smithkwon/.openclaw/workspace/dailypriceup/data/daily_lists/ath_list_2026_08_11.json
Inserted 329 records into DB. Found 96 ATH records.
Image saved to /Users/smithkwon/.openclaw/workspace/dailypriceup/data/daily_shorts_rate.png
Image saved to /Users/smithkwon/.openclaw/workspace/dailypriceup/data/daily_shorts_amount.png
Image saved to /Users/smithkwon/.openclaw/workspace/dailypriceup/data/daily_shorts_lowest.png
Today is Tuesday, using BGM: Tuesday.mp3
Image saved to /Users/smithkwon/.openclaw/workspace/dailypriceup/data/daily_shorts_top10.png
Generating 16-second Shorts video (including Top 10)...
Video generation complete: daily_shorts_final.mp4
Uploading video to YouTube...
=== Upload Complete! ===
Video ID: TffSwhHn_Vs
URL: https://youtu.be/TffSwhHn_Vs
Found 0 records from data base.
Found 0 newly updated records.
Loaded 329 records from /Users/smithkwon/.openclaw/workspace/dailypriceup/data/daily_lists/new_trade_2026_08_11.json
No ATH file found at /Users/smithkwon/.openclaw/workspace/dailypriceup/data/daily_lists/low_ath_list_2026_08_11.json; no ATH records to process.
Image saved to /Users/smithkwon/.openclaw/workspace/dailypriceup/data/daily_shorts_rate_low.png
Image saved to /Users/smithkwon/.openclaw/workspace/dailypriceup/data/daily_shorts_amount_low.png
Image saved to /Users/smithkwon/.openclaw/workspace/dailypriceup/data/daily_shorts_lowest_low.png
Today is Tuesday, using BGM: Tuesday.mp3
Image saved to /Users/smithkwon/.openclaw/workspace/dailypriceup/data/daily_shorts_bottom10.png
Generating 16-second Shorts video (including Bottom 10)...
Video generation complete: daily_shorts_final_low.mp4
Uploading video to YouTube...
=== Upload Complete! ===
Video ID: P1za3wK8W-o
URL: https://youtu.be/P1za3wK8W-o
Cron job completed at Tue Aug 11 08:10:41 KST 2026
Fetching latest data from API...
Found 5650 records from data base.
Found 244 newly updated records.
Saved 5650 all trades to /Users/smithkwon/.openclaw/workspace/dailypriceup/data/daily_lists/all_trade_2026_08_12.json
Saved 244 new trades to /Users/smithkwon/.openclaw/workspace/dailypriceup/data/daily_lists/new_trade_2026_08_12.json
Saved 76 ATH records to /Users/smithkwon/.openclaw/workspace/dailypriceup/data/daily_lists/ath_list_2026_08_12.json
Inserted 244 records into DB. Found 76 ATH records.
Image saved to /Users/smithkwon/.openclaw/workspace/dailypriceup/data/daily_shorts_rate.png
Image saved to /Users/smithkwon/.openclaw/workspace/dailypriceup/data/daily_shorts_amount.png
Image saved to /Users/smithkwon/.openclaw/workspace/dailypriceup/data/daily_shorts_lowest.png
Today is Wednesday, using BGM: Wednesday.mp3
Image saved to /Users/smithkwon/.openclaw/workspace/dailypriceup/data/daily_shorts_top10.png
Generating 16-second Shorts video (including Top 10)...
Video generation complete: daily_shorts_final.mp4
Uploading video to YouTube...
=== Upload Complete! ===
Video ID: --8KKhUTeQA
URL: https://youtu.be/--8KKhUTeQA
Found 0 records from data base.
Found 0 newly updated records.
Loaded 244 records from /Users/smithkwon/.openclaw/workspace/dailypriceup/data/daily_lists/new_trade_2026_08_12.json
No ATH file found at /Users/smithkwon/.openclaw/workspace/dailypriceup/data/daily_lists/low_ath_list_2026_08_12.json; no ATH records to process.
Image saved to /Users/smithkwon/.openclaw/workspace/dailypriceup/data/daily_shorts_rate_low.png
Image saved to /Users/smithkwon/.openclaw/workspace/dailypriceup/data/daily_shorts_amount_low.png
Image saved to /Users/smithkwon/.openclaw/workspace/dailypriceup/data/daily_shorts_lowest_low.png
Today is Wednesday, using BGM: Wednesday.mp3
Image saved to /Users/smithkwon/.openclaw/workspace/dailypriceup/data/daily_shorts_bottom10.png
Generating 16-second Shorts video (including Bottom 10)...
Video generation complete: daily_shorts_final_low.mp4
Uploading video to YouTube...
=== Upload Complete! ===
Video ID: msmWp6yUPWY
URL: https://youtu.be/msmWp6yUPWY
Cron job completed at Wed Aug 12 08:10:40 KST 2026
Fetching latest data from API...
Found 5929 records from data base.
Found 276 newly updated records.
Saved 5929 all trades to /Users/smithkwon/.openclaw/workspace/dailypriceup/data/daily_lists/all_trade_2026_08_13.json
Saved 276 new trades to /Users/smithkwon/.openclaw/workspace/dailypriceup/data/daily_lists/new_trade_2026_08_13.json
Saved 101 ATH records to /Users/smithkwon/.openclaw/workspace/dailypriceup/data/daily_lists/ath_list_2026_08_13.json
Inserted 276 records into DB. Found 101 ATH records.
Image saved to /Users/smithkwon/.openclaw/workspace/dailypriceup/data/daily_shorts_rate.png
Image saved to /Users/smithkwon/.openclaw/workspace/dailypriceup/data/daily_shorts_amount.png
Image saved to /Users/smithkwon/.openclaw/workspace/dailypriceup/data/daily_shorts_lowest.png
Today is Thursday, using BGM: Thursday.mp3
Image saved to /Users/smithkwon/.openclaw/workspace/dailypriceup/data/daily_shorts_top10.png
Generating 16-second Shorts video (including Top 10)...
Video generation complete: daily_shorts_final.mp4
Uploading video to YouTube...
=== Upload Complete! ===
Video ID: mK2yhwdTMX8
URL: https://youtu.be/mK2yhwdTMX8
Found 0 records from data base.
Found 0 newly updated records.
Loaded 276 records from /Users/smithkwon/.openclaw/workspace/dailypriceup/data/daily_lists/new_trade_2026_08_13.json
No ATH file found at /Users/smithkwon/.openclaw/workspace/dailypriceup/data/daily_lists/low_ath_list_2026_08_13.json; no ATH records to process.
Image saved to /Users/smithkwon/.openclaw/workspace/dailypriceup/data/daily_shorts_rate_low.png
Image saved to /Users/smithkwon/.openclaw/workspace/dailypriceup/data/daily_shorts_amount_low.png
Image saved to /Users/smithkwon/.openclaw/workspace/dailypriceup/data/daily_shorts_lowest_low.png
Today is Thursday, using BGM: Thursday.mp3
Image saved to /Users/smithkwon/.openclaw/workspace/dailypriceup/data/daily_shorts_bottom10.png
Generating 16-second Shorts video (including Bottom 10)...
Video generation complete: daily_shorts_final_low.mp4
Uploading video to YouTube...
=== Upload Complete! ===
Video ID: FsXduMF5GH4
URL: https://youtu.be/FsXduMF5GH4
Cron job completed at Thu Aug 13 08:10:39 KST 2026
Fetching latest data from API...
Found 6147 records from data base.
Found 211 newly updated records.
Saved 6147 all trades to /Users/smithkwon/.openclaw/workspace/dailypriceup/data/daily_lists/all_trade_2026_08_14.json
Saved 211 new trades to /Users/smithkwon/.openclaw/workspace/dailypriceup/data/daily_lists/new_trade_2026_08_14.json
Saved 60 ATH records to /Users/smithkwon/.openclaw/workspace/dailypriceup/data/daily_lists/ath_list_2026_08_14.json
Inserted 211 records into DB. Found 60 ATH records.
Image saved to /Users/smithkwon/.openclaw/workspace/dailypriceup/data/daily_shorts_rate.png
Image saved to /Users/smithkwon/.openclaw/workspace/dailypriceup/data/daily_shorts_amount.png
Image saved to /Users/smithkwon/.openclaw/workspace/dailypriceup/data/daily_shorts_lowest.png
Today is Friday, using BGM: Friday.mp3
Image saved to /Users/smithkwon/.openclaw/workspace/dailypriceup/data/daily_shorts_top10.png
Generating 16-second Shorts video (including Top 10)...
Video generation complete: daily_shorts_final.mp4
Uploading video to YouTube...
=== Upload Complete! ===
Video ID: GcHsfvATEo8
URL: https://youtu.be/GcHsfvATEo8
Found 0 records from data base.
Found 0 newly updated records.
Loaded 211 records from /Users/smithkwon/.openclaw/workspace/dailypriceup/data/daily_lists/new_trade_2026_08_14.json
No ATH file found at /Users/smithkwon/.openclaw/workspace/dailypriceup/data/daily_lists/low_ath_list_2026_08_14.json; no ATH records to process.
Image saved to /Users/smithkwon/.openclaw/workspace/dailypriceup/data/daily_shorts_rate_low.png
Image saved to /Users/smithkwon/.openclaw/workspace/dailypriceup/data/daily_shorts_amount_low.png
Image saved to /Users/smithkwon/.openclaw/workspace/dailypriceup/data/daily_shorts_lowest_low.png
Today is Friday, using BGM: Friday.mp3
Image saved to /Users/smithkwon/.openclaw/workspace/dailypriceup/data/daily_shorts_bottom10.png
Generating 16-second Shorts video (including Bottom 10)...
Video generation complete: daily_shorts_final_low.mp4
Uploading video to YouTube...
=== Upload Complete! ===
Video ID: 5qMdX9-8EGM
URL: https://youtu.be/5qMdX9-8EGM
Cron job completed at Fri Aug 14 08:10:40 KST 2026
Fetching latest data from API...
Found 6339 records from data base.
Found 196 newly updated records.
Saved 6339 all trades to /Users/smithkwon/.openclaw/workspace/dailypriceup/data/daily_lists/all_trade_2026_08_15.json
Saved 196 new trades to /Users/smithkwon/.openclaw/workspace/dailypriceup/data/daily_lists/new_trade_2026_08_15.json
Saved 66 ATH records to /Users/smithkwon/.openclaw/workspace/dailypriceup/data/daily_lists/ath_list_2026_08_15.json
Inserted 196 records into DB. Found 66 ATH records.
Image saved to /Users/smithkwon/.openclaw/workspace/dailypriceup/data/daily_shorts_rate.png
Image saved to /Users/smithkwon/.openclaw/workspace/dailypriceup/data/daily_shorts_amount.png
Image saved to /Users/smithkwon/.openclaw/workspace/dailypriceup/data/daily_shorts_lowest.png
Today is Saturday, using BGM: Saturday.mp3
Image saved to /Users/smithkwon/.openclaw/workspace/dailypriceup/data/daily_shorts_top10.png
Generating 16-second Shorts video (including Top 10)...
Video generation complete: daily_shorts_final.mp4
Uploading video to YouTube...
=== Upload Complete! ===
Video ID: aNhSTF_TWOY
URL: https://youtu.be/aNhSTF_TWOY
Found 0 records from data base.
Found 0 newly updated records.
Loaded 196 records from /Users/smithkwon/.openclaw/workspace/dailypriceup/data/daily_lists/new_trade_2026_08_15.json
No ATH file found at /Users/smithkwon/.openclaw/workspace/dailypriceup/data/daily_lists/low_ath_list_2026_08_15.json; no ATH records to process.
Image saved to /Users/smithkwon/.openclaw/workspace/dailypriceup/data/daily_shorts_rate_low.png
Image saved to /Users/smithkwon/.openclaw/workspace/dailypriceup/data/daily_shorts_amount_low.png
Image saved to /Users/smithkwon/.openclaw/workspace/dailypriceup/data/daily_shorts_lowest_low.png
Today is Saturday, using BGM: Saturday.mp3
Image saved to /Users/smithkwon/.openclaw/workspace/dailypriceup/data/daily_shorts_bottom10.png
Generating 16-second Shorts video (including Bottom 10)...
Video generation complete: daily_shorts_final_low.mp4
Uploading video to YouTube...
=== Upload Complete! ===
Video ID: 2ZnKFJwZXTU
URL: https://youtu.be/2ZnKFJwZXTU
Cron job completed at Sat Aug 15 08:10:45 KST 2026
Fetching latest data from API...
Found 6348 records from data base.
Found 9 newly updated records.
Saved 6348 all trades to /Users/smithkwon/.openclaw/workspace/dailypriceup/data/daily_lists/all_trade_2026_08_16.json
Saved 9 new trades to /Users/smithkwon/.openclaw/workspace/dailypriceup/data/daily_lists/new_trade_2026_08_16.json
Saved 2 ATH records to /Users/smithkwon/.openclaw/workspace/dailypriceup/data/daily_lists/ath_list_2026_08_16.json
Inserted 9 records into DB. Found 2 ATH records.
Image saved to /Users/smithkwon/.openclaw/workspace/dailypriceup/data/daily_shorts_rate.png
Image saved to /Users/smithkwon/.openclaw/workspace/dailypriceup/data/daily_shorts_amount.png
Image saved to /Users/smithkwon/.openclaw/workspace/dailypriceup/data/daily_shorts_lowest.png
Today is Sunday, using BGM: Sunday.mp3
Image saved to /Users/smithkwon/.openclaw/workspace/dailypriceup/data/daily_shorts_top10.png
Generating 16-second Shorts video (including Top 10)...
Video generation complete: daily_shorts_final.mp4
Uploading video to YouTube...
=== Upload Complete! ===
Video ID: c1-RAQWhIdY
URL: https://youtu.be/c1-RAQWhIdY
Found 0 records from data base.
Found 0 newly updated records.
Loaded 9 records from /Users/smithkwon/.openclaw/workspace/dailypriceup/data/daily_lists/new_trade_2026_08_16.json
No ATH file found at /Users/smithkwon/.openclaw/workspace/dailypriceup/data/daily_lists/low_ath_list_2026_08_16.json; no ATH records to process.
Image saved to /Users/smithkwon/.openclaw/workspace/dailypriceup/data/daily_shorts_rate_low.png
Image saved to /Users/smithkwon/.openclaw/workspace/dailypriceup/data/daily_shorts_amount_low.png
Image saved to /Users/smithkwon/.openclaw/workspace/dailypriceup/data/daily_shorts_lowest_low.png
Today is Sunday, using BGM: Sunday.mp3
Image saved to /Users/smithkwon/.openclaw/workspace/dailypriceup/data/daily_shorts_bottom10.png
Generating 16-second Shorts video (including Bottom 10)...
Video generation complete: daily_shorts_final_low.mp4
Uploading video to YouTube...
=== Upload Complete! ===
Video ID: 90Qf0ZxRAm0
URL: https://youtu.be/90Qf0ZxRAm0
Cron job completed at Sun Aug 16 08:10:43 KST 2026
Fetching latest data from API...
Found 6353 records from data base.
Found 5 newly updated records.
Saved 6353 all trades to /Users/smithkwon/.openclaw/workspace/dailypriceup/data/daily_lists/all_trade_2026_08_17.json
Saved 5 new trades to /Users/smithkwon/.openclaw/workspace/dailypriceup/data/daily_lists/new_trade_2026_08_17.json
Saved 1 ATH records to /Users/smithkwon/.openclaw/workspace/dailypriceup/data/daily_lists/ath_list_2026_08_17.json
Inserted 5 records into DB. Found 1 ATH records.
Image saved to /Users/smithkwon/.openclaw/workspace/dailypriceup/data/daily_shorts_rate.png
Image saved to /Users/smithkwon/.openclaw/workspace/dailypriceup/data/daily_shorts_amount.png
Image saved to /Users/smithkwon/.openclaw/workspace/dailypriceup/data/daily_shorts_lowest.png
Today is Monday, using BGM: TechLive.mp3
Image saved to /Users/smithkwon/.openclaw/workspace/dailypriceup/data/daily_shorts_top10.png
Generating 16-second Shorts video (including Top 10)...
Video generation complete: daily_shorts_final.mp4
Uploading video to YouTube...
=== Upload Complete! ===
Video ID: uSUdDd-L66A
URL: https://youtu.be/uSUdDd-L66A
Found 0 records from data base.
Found 0 newly updated records.
Loaded 5 records from /Users/smithkwon/.openclaw/workspace/dailypriceup/data/daily_lists/new_trade_2026_08_17.json
No ATH file found at /Users/smithkwon/.openclaw/workspace/dailypriceup/data/daily_lists/low_ath_list_2026_08_17.json; no ATH records to process.
Image saved to /Users/smithkwon/.openclaw/workspace/dailypriceup/data/daily_shorts_rate_low.png
Image saved to /Users/smithkwon/.openclaw/workspace/dailypriceup/data/daily_shorts_amount_low.png
Image saved to /Users/smithkwon/.openclaw/workspace/dailypriceup/data/daily_shorts_lowest_low.png
Today is Monday, using BGM: TechLive.mp3
Image saved to /Users/smithkwon/.openclaw/workspace/dailypriceup/data/daily_shorts_bottom10.png
Generating 16-second Shorts video (including Bottom 10)...
Video generation complete: daily_shorts_final_low.mp4
Uploading video to YouTube...
=== Upload Complete! ===
Video ID: DSkeAoG53So
URL: https://youtu.be/DSkeAoG53So
Cron job completed at Mon Aug 17 08:10:38 KST 2026
Fetching latest data from API...
Found 6368 records from data base.
Found 15 newly updated records.
Saved 6368 all trades to /Users/smithkwon/.openclaw/workspace/dailypriceup/data/daily_lists/all_trade_2026_08_18.json
Saved 15 new trades to /Users/smithkwon/.openclaw/workspace/dailypriceup/data/daily_lists/new_trade_2026_08_18.json
Saved 6 ATH records to /Users/smithkwon/.openclaw/workspace/dailypriceup/data/daily_lists/ath_list_2026_08_18.json
Inserted 15 records into DB. Found 6 ATH records.
Image saved to /Users/smithkwon/.openclaw/workspace/dailypriceup/data/daily_shorts_rate.png
Image saved to /Users/smithkwon/.openclaw/workspace/dailypriceup/data/daily_shorts_amount.png
Image saved to /Users/smithkwon/.openclaw/workspace/dailypriceup/data/daily_shorts_lowest.png
Today is Tuesday, using BGM: Tuesday.mp3
Image saved to /Users/smithkwon/.openclaw/workspace/dailypriceup/data/daily_shorts_top10.png
Generating 16-second Shorts video (including Top 10)...
Video generation complete: daily_shorts_final.mp4
Uploading video to YouTube...
=== Upload Complete! ===
Video ID: BL-lHrjEDBs
URL: https://youtu.be/BL-lHrjEDBs
Found 0 records from data base.
Found 0 newly updated records.
Loaded 15 records from /Users/smithkwon/.openclaw/workspace/dailypriceup/data/daily_lists/new_trade_2026_08_18.json
No ATH file found at /Users/smithkwon/.openclaw/workspace/dailypriceup/data/daily_lists/low_ath_list_2026_08_18.json; no ATH records to process.
Image saved to /Users/smithkwon/.openclaw/workspace/dailypriceup/data/daily_shorts_rate_low.png
Image saved to /Users/smithkwon/.openclaw/workspace/dailypriceup/data/daily_shorts_amount_low.png
Image saved to /Users/smithkwon/.openclaw/workspace/dailypriceup/data/daily_shorts_lowest_low.png
Today is Tuesday, using BGM: Tuesday.mp3
Image saved to /Users/smithkwon/.openclaw/workspace/dailypriceup/data/daily_shorts_bottom10.png
Generating 16-second Shorts video (including Bottom 10)...
Video generation complete: daily_shorts_final_low.mp4
Uploading video to YouTube...
=== Upload Complete! ===
Video ID: UIABUDZbNQg
URL: https://youtu.be/UIABUDZbNQg
Cron job completed at Tue Aug 18 08:10:39 KST 2026
Fetching latest data from API...
Found 6695 records from data base.
Found 322 newly updated records.
Saved 6695 all trades to /Users/smithkwon/.openclaw/workspace/dailypriceup/data/daily_lists/all_trade_2026_08_19.json
Saved 322 new trades to /Users/smithkwon/.openclaw/workspace/dailypriceup/data/daily_lists/new_trade_2026_08_19.json
Saved 107 ATH records to /Users/smithkwon/.openclaw/workspace/dailypriceup/data/daily_lists/ath_list_2026_08_19.json
Inserted 322 records into DB. Found 107 ATH records.
Image saved to /Users/smithkwon/.openclaw/workspace/dailypriceup/data/daily_shorts_rate.png
Image saved to /Users/smithkwon/.openclaw/workspace/dailypriceup/data/daily_shorts_amount.png
Image saved to /Users/smithkwon/.openclaw/workspace/dailypriceup/data/daily_shorts_lowest.png
Today is Wednesday, using BGM: Wednesday.mp3
Image saved to /Users/smithkwon/.openclaw/workspace/dailypriceup/data/daily_shorts_top10.png
Generating 16-second Shorts video (including Top 10)...
Video generation complete: daily_shorts_final.mp4
Uploading video to YouTube...
=== Upload Complete! ===
Video ID: 1YhUYXk2O1M
URL: https://youtu.be/1YhUYXk2O1M
Found 0 records from data base.
Found 0 newly updated records.
Loaded 322 records from /Users/smithkwon/.openclaw/workspace/dailypriceup/data/daily_lists/new_trade_2026_08_19.json
No ATH file found at /Users/smithkwon/.openclaw/workspace/dailypriceup/data/daily_lists/low_ath_list_2026_08_19.json; no ATH records to process.
Image saved to /Users/smithkwon/.openclaw/workspace/dailypriceup/data/daily_shorts_rate_low.png
Image saved to /Users/smithkwon/.openclaw/workspace/dailypriceup/data/daily_shorts_amount_low.png
Image saved to /Users/smithkwon/.openclaw/workspace/dailypriceup/data/daily_shorts_lowest_low.png
Today is Wednesday, using BGM: Wednesday.mp3
Image saved to /Users/smithkwon/.openclaw/workspace/dailypriceup/data/daily_shorts_bottom10.png
Generating 16-second Shorts video (including Bottom 10)...
Video generation complete: daily_shorts_final_low.mp4
Uploading video to YouTube...
=== Upload Complete! ===
Video ID: 2snar3Kbpzw
URL: https://youtu.be/2snar3Kbpzw
Cron job completed at Wed Aug 19 08:10:41 KST 2026
Fetching latest data from API...
Found 6911 records from data base.
Found 212 newly updated records.
Saved 6911 all trades to /Users/smithkwon/.openclaw/workspace/dailypriceup/data/daily_lists/all_trade_2026_08_20.json
Saved 212 new trades to /Users/smithkwon/.openclaw/workspace/dailypriceup/data/daily_lists/new_trade_2026_08_20.json
Saved 72 ATH records to /Users/smithkwon/.openclaw/workspace/dailypriceup/data/daily_lists/ath_list_2026_08_20.json
Inserted 212 records into DB. Found 72 ATH records.
Image saved to /Users/smithkwon/.openclaw/workspace/dailypriceup/data/daily_shorts_rate.png
Image saved to /Users/smithkwon/.openclaw/workspace/dailypriceup/data/daily_shorts_amount.png
Image saved to /Users/smithkwon/.openclaw/workspace/dailypriceup/data/daily_shorts_lowest.png
Today is Thursday, using BGM: Thursday.mp3
Image saved to /Users/smithkwon/.openclaw/workspace/dailypriceup/data/daily_shorts_top10.png
Generating 16-second Shorts video (including Top 10)...
Video generation complete: daily_shorts_final.mp4
Uploading video to YouTube...
=== Upload Complete! ===
Video ID: FNBVVHc1Iio
URL: https://youtu.be/FNBVVHc1Iio
Found 0 records from data base.
Found 0 newly updated records.
Loaded 212 records from /Users/smithkwon/.openclaw/workspace/dailypriceup/data/daily_lists/new_trade_2026_08_20.json
No ATH file found at /Users/smithkwon/.openclaw/workspace/dailypriceup/data/daily_lists/low_ath_list_2026_08_20.json; no ATH records to process.
Image saved to /Users/smithkwon/.openclaw/workspace/dailypriceup/data/daily_shorts_rate_low.png
Image saved to /Users/smithkwon/.openclaw/workspace/dailypriceup/data/daily_shorts_amount_low.png
Image saved to /Users/smithkwon/.openclaw/workspace/dailypriceup/data/daily_shorts_lowest_low.png
Today is Thursday, using BGM: Thursday.mp3
Image saved to /Users/smithkwon/.openclaw/workspace/dailypriceup/data/daily_shorts_bottom10.png
Generating 16-second Shorts video (including Bottom 10)...
Video generation complete: daily_shorts_final_low.mp4
Uploading video to YouTube...
=== Upload Complete! ===
Video ID: D-5F0OS59H4
URL: https://youtu.be/D-5F0OS59H4
Cron job completed at Thu Aug 20 08:10:41 KST 2026
Fetching latest data from API...
Found 7107 records from data base.
Found 194 newly updated records.
Saved 7107 all trades to /Users/smithkwon/.openclaw/workspace/dailypriceup/data/daily_lists/all_trade_2026_08_21.json
Saved 194 new trades to /Users/smithkwon/.openclaw/workspace/dailypriceup/data/daily_lists/new_trade_2026_08_21.json
Saved 56 ATH records to /Users/smithkwon/.openclaw/workspace/dailypriceup/data/daily_lists/ath_list_2026_08_21.json
Inserted 194 records into DB. Found 56 ATH records.
Image saved to /Users/smithkwon/.openclaw/workspace/dailypriceup/data/daily_shorts_rate.png
Image saved to /Users/smithkwon/.openclaw/workspace/dailypriceup/data/daily_shorts_amount.png
Image saved to /Users/smithkwon/.openclaw/workspace/dailypriceup/data/daily_shorts_lowest.png
Today is Friday, using BGM: Friday.mp3
Image saved to /Users/smithkwon/.openclaw/workspace/dailypriceup/data/daily_shorts_top10.png
Generating 16-second Shorts video (including Top 10)...
Video generation complete: daily_shorts_final.mp4
Uploading video to YouTube...
=== Upload Complete! ===
Video ID: ZVt9V9NnVOQ
URL: https://youtu.be/ZVt9V9NnVOQ
Found 0 records from data base.
Found 0 newly updated records.
Loaded 194 records from /Users/smithkwon/.openclaw/workspace/dailypriceup/data/daily_lists/new_trade_2026_08_21.json
No ATH file found at /Users/smithkwon/.openclaw/workspace/dailypriceup/data/daily_lists/low_ath_list_2026_08_21.json; no ATH records to process.
Image saved to /Users/smithkwon/.openclaw/workspace/dailypriceup/data/daily_shorts_rate_low.png
Image saved to /Users/smithkwon/.openclaw/workspace/dailypriceup/data/daily_shorts_amount_low.png
Image saved to /Users/smithkwon/.openclaw/workspace/dailypriceup/data/daily_shorts_lowest_low.png
Today is Friday, using BGM: Friday.mp3
Image saved to /Users/smithkwon/.openclaw/workspace/dailypriceup/data/daily_shorts_bottom10.png
Generating 16-second Shorts video (including Bottom 10)...
Video generation complete: daily_shorts_final_low.mp4
Uploading video to YouTube...
=== Upload Complete! ===
Video ID: wvL1hl4_xQA
URL: https://youtu.be/wvL1hl4_xQA
Cron job completed at Fri Aug 21 08:10:39 KST 2026
Fetching latest data from API...
Found 7301 records from data base.
Found 191 newly updated records.
Saved 7301 all trades to /Users/smithkwon/.openclaw/workspace/dailypriceup/data/daily_lists/all_trade_2026_08_22.json
Saved 191 new trades to /Users/smithkwon/.openclaw/workspace/dailypriceup/data/daily_lists/new_trade_2026_08_22.json
Saved 57 ATH records to /Users/smithkwon/.openclaw/workspace/dailypriceup/data/daily_lists/ath_list_2026_08_22.json
Inserted 191 records into DB. Found 57 ATH records.
Image saved to /Users/smithkwon/.openclaw/workspace/dailypriceup/data/daily_shorts_rate.png
Image saved to /Users/smithkwon/.openclaw/workspace/dailypriceup/data/daily_shorts_amount.png
Image saved to /Users/smithkwon/.openclaw/workspace/dailypriceup/data/daily_shorts_lowest.png
Today is Saturday, using BGM: Saturday.mp3
Image saved to /Users/smithkwon/.openclaw/workspace/dailypriceup/data/daily_shorts_top10.png
Generating 16-second Shorts video (including Top 10)...
Video generation complete: daily_shorts_final.mp4
Uploading video to YouTube...
=== Upload Complete! ===
Video ID: csY0uHQnDyY
URL: https://youtu.be/csY0uHQnDyY
Found 0 records from data base.
Found 0 newly updated records.
Loaded 191 records from /Users/smithkwon/.openclaw/workspace/dailypriceup/data/daily_lists/new_trade_2026_08_22.json
No ATH file found at /Users/smithkwon/.openclaw/workspace/dailypriceup/data/daily_lists/low_ath_list_2026_08_22.json; no ATH records to process.
Image saved to /Users/smithkwon/.openclaw/workspace/dailypriceup/data/daily_shorts_rate_low.png
Image saved to /Users/smithkwon/.openclaw/workspace/dailypriceup/data/daily_shorts_amount_low.png
Image saved to /Users/smithkwon/.openclaw/workspace/dailypriceup/data/daily_shorts_lowest_low.png
Today is Saturday, using BGM: Saturday.mp3
Image saved to /Users/smithkwon/.openclaw/workspace/dailypriceup/data/daily_shorts_bottom10.png
Generating 16-second Shorts video (including Bottom 10)...
Video generation complete: daily_shorts_final_low.mp4
Uploading video to YouTube...
=== Upload Complete! ===
Video ID: AjH_hAX9v_E
URL: https://youtu.be/AjH_hAX9v_E
Cron job completed at Sat Aug 22 08:10:42 KST 2026
Fetching latest data from API...
Found 7301 records from data base.
Found 3 newly updated records.
Saved 7301 all trades to /Users/smithkwon/.openclaw/workspace/dailypriceup/data/daily_lists/all_trade_2026_08_24.json
Saved 3 new trades to /Users/smithkwon/.openclaw/workspace/dailypriceup/data/daily_lists/new_trade_2026_08_24.json
Saved 1 ATH records to /Users/smithkwon/.openclaw/workspace/dailypriceup/data/daily_lists/ath_list_2026_08_24.json
Inserted 3 records into DB. Found 1 ATH records.
Image saved to /Users/smithkwon/.openclaw/workspace/dailypriceup/data/daily_shorts_rate.png
Image saved to /Users/smithkwon/.openclaw/workspace/dailypriceup/data/daily_shorts_amount.png
Image saved to /Users/smithkwon/.openclaw/workspace/dailypriceup/data/daily_shorts_lowest.png
Today is Monday, using BGM: TechLive.mp3
Image saved to /Users/smithkwon/.openclaw/workspace/dailypriceup/data/daily_shorts_top10.png
Generating 16-second Shorts video (including Top 10)...
Video generation complete: daily_shorts_final.mp4
Uploading video to YouTube...
=== Upload Complete! ===
Video ID: 5xrmqIBtKj4
URL: https://youtu.be/5xrmqIBtKj4
Found 0 records from data base.
Found 0 newly updated records.
Loaded 3 records from /Users/smithkwon/.openclaw/workspace/dailypriceup/data/daily_lists/new_trade_2026_08_24.json
No ATH file found at /Users/smithkwon/.openclaw/workspace/dailypriceup/data/daily_lists/low_ath_list_2026_08_24.json; no ATH records to process.
Image saved to /Users/smithkwon/.openclaw/workspace/dailypriceup/data/daily_shorts_rate_low.png
Image saved to /Users/smithkwon/.openclaw/workspace/dailypriceup/data/daily_shorts_amount_low.png
Image saved to /Users/smithkwon/.openclaw/workspace/dailypriceup/data/daily_shorts_lowest_low.png
Today is Monday, using BGM: TechLive.mp3
Image saved to /Users/smithkwon/.openclaw/workspace/dailypriceup/data/daily_shorts_bottom10.png
Generating 16-second Shorts video (including Bottom 10)...
Video generation complete: daily_shorts_final_low.mp4
Uploading video to YouTube...
=== Upload Complete! ===
Video ID: yUmMYyPK_dA
URL: https://youtu.be/yUmMYyPK_dA
Cron job completed at Mon Aug 24 08:10:36 KST 2026
Fetching latest data from API...
Found 7696 records from data base.
Found 389 newly updated records.
Saved 7696 all trades to /Users/smithkwon/.openclaw/workspace/dailypriceup/data/daily_lists/all_trade_2026_08_26.json
Saved 389 new trades to /Users/smithkwon/.openclaw/workspace/dailypriceup/data/daily_lists/new_trade_2026_08_26.json
Saved 141 ATH records to /Users/smithkwon/.openclaw/workspace/dailypriceup/data/daily_lists/ath_list_2026_08_26.json
Inserted 389 records into DB. Found 141 ATH records.
Image saved to /Users/smithkwon/.openclaw/workspace/dailypriceup/data/daily_shorts_rate.png
Image saved to /Users/smithkwon/.openclaw/workspace/dailypriceup/data/daily_shorts_amount.png
Image saved to /Users/smithkwon/.openclaw/workspace/dailypriceup/data/daily_shorts_lowest.png
Today is Wednesday, using BGM: Wednesday.mp3
Image saved to /Users/smithkwon/.openclaw/workspace/dailypriceup/data/daily_shorts_top10.png
Generating 16-second Shorts video (including Top 10)...
Video generation complete: daily_shorts_final.mp4
Uploading video to YouTube...
=== Upload Complete! ===
Video ID: ng9a6MExS3c
URL: https://youtu.be/ng9a6MExS3c
Found 0 records from data base.
Found 0 newly updated records.
Loaded 389 records from /Users/smithkwon/.openclaw/workspace/dailypriceup/data/daily_lists/new_trade_2026_08_26.json
No ATH file found at /Users/smithkwon/.openclaw/workspace/dailypriceup/data/daily_lists/low_ath_list_2026_08_26.json; no ATH records to process.
Image saved to /Users/smithkwon/.openclaw/workspace/dailypriceup/data/daily_shorts_rate_low.png
Image saved to /Users/smithkwon/.openclaw/workspace/dailypriceup/data/daily_shorts_amount_low.png
Image saved to /Users/smithkwon/.openclaw/workspace/dailypriceup/data/daily_shorts_lowest_low.png
Today is Wednesday, using BGM: Wednesday.mp3
Image saved to /Users/smithkwon/.openclaw/workspace/dailypriceup/data/daily_shorts_bottom10.png
Generating 16-second Shorts video (including Bottom 10)...
Video generation complete: daily_shorts_final_low.mp4
Uploading video to YouTube...
=== Upload Complete! ===
Video ID: jO3Z7No1ByU
URL: https://youtu.be/jO3Z7No1ByU
Cron job completed at Wed Aug 26 08:10:38 KST 2026
Fetching latest data from API...
Found 7873 records from data base.
Found 176 newly updated records.
Saved 7873 all trades to /Users/smithkwon/.openclaw/workspace/dailypriceup/data/daily_lists/all_trade_2026_08_27.json
Saved 176 new trades to /Users/smithkwon/.openclaw/workspace/dailypriceup/data/daily_lists/new_trade_2026_08_27.json
Saved 52 ATH records to /Users/smithkwon/.openclaw/workspace/dailypriceup/data/daily_lists/ath_list_2026_08_27.json
Inserted 176 records into DB. Found 52 ATH records.
Image saved to /Users/smithkwon/.openclaw/workspace/dailypriceup/data/daily_shorts_rate.png
Image saved to /Users/smithkwon/.openclaw/workspace/dailypriceup/data/daily_shorts_amount.png
Image saved to /Users/smithkwon/.openclaw/workspace/dailypriceup/data/daily_shorts_lowest.png
Today is Thursday, using BGM: Thursday.mp3
Image saved to /Users/smithkwon/.openclaw/workspace/dailypriceup/data/daily_shorts_top10.png
Generating 16-second Shorts video (including Top 10)...
Video generation complete: daily_shorts_final.mp4
Uploading video to YouTube...
=== Upload Complete! ===
Video ID: ulHdY5evH_s
URL: https://youtu.be/ulHdY5evH_s
Found 0 records from data base.
Found 0 newly updated records.
Loaded 176 records from /Users/smithkwon/.openclaw/workspace/dailypriceup/data/daily_lists/new_trade_2026_08_27.json
No ATH file found at /Users/smithkwon/.openclaw/workspace/dailypriceup/data/daily_lists/low_ath_list_2026_08_27.json; no ATH records to process.
Image saved to /Users/smithkwon/.openclaw/workspace/dailypriceup/data/daily_shorts_rate_low.png
Image saved to /Users/smithkwon/.openclaw/workspace/dailypriceup/data/daily_shorts_amount_low.png
Image saved to /Users/smithkwon/.openclaw/workspace/dailypriceup/data/daily_shorts_lowest_low.png
Today is Thursday, using BGM: Thursday.mp3
Image saved to /Users/smithkwon/.openclaw/workspace/dailypriceup/data/daily_shorts_bottom10.png
Generating 16-second Shorts video (including Bottom 10)...
Video generation complete: daily_shorts_final_low.mp4
Uploading video to YouTube...
=== Upload Complete! ===
Video ID: zLU9lA9cnt8
URL: https://youtu.be/zLU9lA9cnt8
Cron job completed at Thu Aug 27 08:10:48 KST 2026
Fetching latest data from API...
Found 8044 records from data base.
Found 170 newly updated records.
Saved 8044 all trades to /Users/smithkwon/.openclaw/workspace/dailypriceup/data/daily_lists/all_trade_2026_08_28.json
Saved 170 new trades to /Users/smithkwon/.openclaw/workspace/dailypriceup/data/daily_lists/new_trade_2026_08_28.json
Saved 55 ATH records to /Users/smithkwon/.openclaw/workspace/dailypriceup/data/daily_lists/ath_list_2026_08_28.json
Inserted 170 records into DB. Found 55 ATH records.
Image saved to /Users/smithkwon/.openclaw/workspace/dailypriceup/data/daily_shorts_rate.png
Image saved to /Users/smithkwon/.openclaw/workspace/dailypriceup/data/daily_shorts_amount.png
Image saved to /Users/smithkwon/.openclaw/workspace/dailypriceup/data/daily_shorts_lowest.png
Today is Friday, using BGM: Friday.mp3
Image saved to /Users/smithkwon/.openclaw/workspace/dailypriceup/data/daily_shorts_top10.png
Generating 16-second Shorts video (including Top 10)...
Video generation complete: daily_shorts_final.mp4
Uploading video to YouTube...
=== Upload Complete! ===
Video ID: deR2J9SNJQU
URL: https://youtu.be/deR2J9SNJQU
Found 0 records from data base.
Found 0 newly updated records.
Loaded 170 records from /Users/smithkwon/.openclaw/workspace/dailypriceup/data/daily_lists/new_trade_2026_08_28.json
No ATH file found at /Users/smithkwon/.openclaw/workspace/dailypriceup/data/daily_lists/low_ath_list_2026_08_28.json; no ATH records to process.
Image saved to /Users/smithkwon/.openclaw/workspace/dailypriceup/data/daily_shorts_rate_low.png
Image saved to /Users/smithkwon/.openclaw/workspace/dailypriceup/data/daily_shorts_amount_low.png
Image saved to /Users/smithkwon/.openclaw/workspace/dailypriceup/data/daily_shorts_lowest_low.png
Today is Friday, using BGM: Friday.mp3
Image saved to /Users/smithkwon/.openclaw/workspace/dailypriceup/data/daily_shorts_bottom10.png
Generating 16-second Shorts video (including Bottom 10)...
Video generation complete: daily_shorts_final_low.mp4
Uploading video to YouTube...
=== Upload Complete! ===
Video ID: zl0SBJqKhlU
URL: https://youtu.be/zl0SBJqKhlU
Cron job completed at Fri Aug 28 08:10:39 KST 2026
Fetching latest data from API...
Found 8197 records from data base.
Found 149 newly updated records.
Saved 8197 all trades to /Users/smithkwon/.openclaw/workspace/dailypriceup/data/daily_lists/all_trade_2026_08_29.json
Saved 149 new trades to /Users/smithkwon/.openclaw/workspace/dailypriceup/data/daily_lists/new_trade_2026_08_29.json
Saved 42 ATH records to /Users/smithkwon/.openclaw/workspace/dailypriceup/data/daily_lists/ath_list_2026_08_29.json
Inserted 149 records into DB. Found 42 ATH records.
Image saved to /Users/smithkwon/.openclaw/workspace/dailypriceup/data/daily_shorts_rate.png
Image saved to /Users/smithkwon/.openclaw/workspace/dailypriceup/data/daily_shorts_amount.png
Image saved to /Users/smithkwon/.openclaw/workspace/dailypriceup/data/daily_shorts_lowest.png
Today is Saturday, using BGM: Saturday.mp3
Image saved to /Users/smithkwon/.openclaw/workspace/dailypriceup/data/daily_shorts_top10.png
Generating 16-second Shorts video (including Top 10)...
Video generation complete: daily_shorts_final.mp4
Uploading video to YouTube...
=== Upload Complete! ===
Video ID: lDLkBGmk21Y
URL: https://youtu.be/lDLkBGmk21Y
Found 0 records from data base.
Found 0 newly updated records.
Loaded 149 records from /Users/smithkwon/.openclaw/workspace/dailypriceup/data/daily_lists/new_trade_2026_08_29.json
No ATH file found at /Users/smithkwon/.openclaw/workspace/dailypriceup/data/daily_lists/low_ath_list_2026_08_29.json; no ATH records to process.
Image saved to /Users/smithkwon/.openclaw/workspace/dailypriceup/data/daily_shorts_rate_low.png
Image saved to /Users/smithkwon/.openclaw/workspace/dailypriceup/data/daily_shorts_amount_low.png
Image saved to /Users/smithkwon/.openclaw/workspace/dailypriceup/data/daily_shorts_lowest_low.png
Today is Saturday, using BGM: Saturday.mp3
Image saved to /Users/smithkwon/.openclaw/workspace/dailypriceup/data/daily_shorts_bottom10.png
Generating 16-second Shorts video (including Bottom 10)...
Video generation complete: daily_shorts_final_low.mp4
Uploading video to YouTube...
=== Upload Complete! ===
Video ID: gVBJ0VYhbsg
URL: https://youtu.be/gVBJ0VYhbsg
Cron job completed at Sat Aug 29 08:10:45 KST 2026
Fetching latest data from API...
Found 8202 records from data base.
Found 7 newly updated records.
Saved 8202 all trades to /Users/smithkwon/.openclaw/workspace/dailypriceup/data/daily_lists/all_trade_2026_08_30.json
Saved 7 new trades to /Users/smithkwon/.openclaw/workspace/dailypriceup/data/daily_lists/new_trade_2026_08_30.json
Saved 3 ATH records to /Users/smithkwon/.openclaw/workspace/dailypriceup/data/daily_lists/ath_list_2026_08_30.json
Inserted 7 records into DB. Found 3 ATH records.
Image saved to /Users/smithkwon/.openclaw/workspace/dailypriceup/data/daily_shorts_rate.png
Image saved to /Users/smithkwon/.openclaw/workspace/dailypriceup/data/daily_shorts_amount.png
Image saved to /Users/smithkwon/.openclaw/workspace/dailypriceup/data/daily_shorts_lowest.png
Today is Sunday, using BGM: Sunday.mp3
Image saved to /Users/smithkwon/.openclaw/workspace/dailypriceup/data/daily_shorts_top10.png
Generating 16-second Shorts video (including Top 10)...
Video generation complete: daily_shorts_final.mp4
Uploading video to YouTube...
=== Upload Complete! ===
Video ID: zjjRPOJq7Ow
URL: https://youtu.be/zjjRPOJq7Ow
Found 0 records from data base.
Found 0 newly updated records.
Loaded 7 records from /Users/smithkwon/.openclaw/workspace/dailypriceup/data/daily_lists/new_trade_2026_08_30.json
No ATH file found at /Users/smithkwon/.openclaw/workspace/dailypriceup/data/daily_lists/low_ath_list_2026_08_30.json; no ATH records to process.
Image saved to /Users/smithkwon/.openclaw/workspace/dailypriceup/data/daily_shorts_rate_low.png
Image saved to /Users/smithkwon/.openclaw/workspace/dailypriceup/data/daily_shorts_amount_low.png
Image saved to /Users/smithkwon/.openclaw/workspace/dailypriceup/data/daily_shorts_lowest_low.png
Today is Sunday, using BGM: Sunday.mp3
Image saved to /Users/smithkwon/.openclaw/workspace/dailypriceup/data/daily_shorts_bottom10.png
Generating 16-second Shorts video (including Bottom 10)...
Video generation complete: daily_shorts_final_low.mp4
Uploading video to YouTube...
=== Upload Complete! ===
Video ID: KvtVpb3OC2U
URL: https://youtu.be/KvtVpb3OC2U
Cron job completed at Sun Aug 30 08:10:42 KST 2026
Fetching latest data from API...
Found 8207 records from data base.
Found 5 newly updated records.
Saved 8207 all trades to /Users/smithkwon/.openclaw/workspace/dailypriceup/data/daily_lists/all_trade_2026_08_31.json
Saved 5 new trades to /Users/smithkwon/.openclaw/workspace/dailypriceup/data/daily_lists/new_trade_2026_08_31.json
Saved 1 ATH records to /Users/smithkwon/.openclaw/workspace/dailypriceup/data/daily_lists/ath_list_2026_08_31.json
Inserted 5 records into DB. Found 1 ATH records.
Image saved to /Users/smithkwon/.openclaw/workspace/dailypriceup/data/daily_shorts_rate.png
Image saved to /Users/smithkwon/.openclaw/workspace/dailypriceup/data/daily_shorts_amount.png
Image saved to /Users/smithkwon/.openclaw/workspace/dailypriceup/data/daily_shorts_lowest.png
Today is Monday, using BGM: TechLive.mp3
Image saved to /Users/smithkwon/.openclaw/workspace/dailypriceup/data/daily_shorts_top10.png
Generating 16-second Shorts video (including Top 10)...
Video generation complete: daily_shorts_final.mp4
Uploading video to YouTube...
=== Upload Complete! ===
Video ID: WMhySuyLuUA
URL: https://youtu.be/WMhySuyLuUA
Found 0 records from data base.
Found 0 newly updated records.
Loaded 5 records from /Users/smithkwon/.openclaw/workspace/dailypriceup/data/daily_lists/new_trade_2026_08_31.json
No ATH file found at /Users/smithkwon/.openclaw/workspace/dailypriceup/data/daily_lists/low_ath_list_2026_08_31.json; no ATH records to process.
Image saved to /Users/smithkwon/.openclaw/workspace/dailypriceup/data/daily_shorts_rate_low.png
Image saved to /Users/smithkwon/.openclaw/workspace/dailypriceup/data/daily_shorts_amount_low.png
Image saved to /Users/smithkwon/.openclaw/workspace/dailypriceup/data/daily_shorts_lowest_low.png
Today is Monday, using BGM: TechLive.mp3
Image saved to /Users/smithkwon/.openclaw/workspace/dailypriceup/data/daily_shorts_bottom10.png
Generating 16-second Shorts video (including Bottom 10)...
Video generation complete: daily_shorts_final_low.mp4
Uploading video to YouTube...
=== Upload Complete! ===
Video ID: IyZGDAURQAA
URL: https://youtu.be/IyZGDAURQAA
Cron job completed at Mon Aug 31 08:10:42 KST 2026
Fetching latest data from API...
Found 2117 records from data base.
Found 242 newly updated records.
Saved 2117 all trades to /Users/smithkwon/.openclaw/workspace/dailypriceup/data/daily_lists/all_trade_2026_09_01.json
Saved 242 new trades to /Users/smithkwon/.openclaw/workspace/dailypriceup/data/daily_lists/new_trade_2026_09_01.json
Saved 65 ATH records to /Users/smithkwon/.openclaw/workspace/dailypriceup/data/daily_lists/ath_list_2026_09_01.json
Inserted 242 records into DB. Found 65 ATH records.
Image saved to /Users/smithkwon/.openclaw/workspace/dailypriceup/data/daily_shorts_rate.png
Image saved to /Users/smithkwon/.openclaw/workspace/dailypriceup/data/daily_shorts_amount.png
Image saved to /Users/smithkwon/.openclaw/workspace/dailypriceup/data/daily_shorts_lowest.png
Today is Tuesday, using BGM: Tuesday.mp3
Image saved to /Users/smithkwon/.openclaw/workspace/dailypriceup/data/daily_shorts_top10.png
Generating 16-second Shorts video (including Top 10)...
Video generation complete: daily_shorts_final.mp4
Uploading video to YouTube...
=== Upload Complete! ===
Video ID: Sa2ZKcFvlDc
URL: https://youtu.be/Sa2ZKcFvlDc
Found 0 records from data base.
Found 0 newly updated records.
Loaded 242 records from /Users/smithkwon/.openclaw/workspace/dailypriceup/data/daily_lists/new_trade_2026_09_01.json
No ATH file found at /Users/smithkwon/.openclaw/workspace/dailypriceup/data/daily_lists/low_ath_list_2026_09_01.json; no ATH records to process.
Image saved to /Users/smithkwon/.openclaw/workspace/dailypriceup/data/daily_shorts_rate_low.png
Image saved to /Users/smithkwon/.openclaw/workspace/dailypriceup/data/daily_shorts_amount_low.png
Image saved to /Users/smithkwon/.openclaw/workspace/dailypriceup/data/daily_shorts_lowest_low.png
Today is Tuesday, using BGM: Tuesday.mp3
Image saved to /Users/smithkwon/.openclaw/workspace/dailypriceup/data/daily_shorts_bottom10.png
Generating 16-second Shorts video (including Bottom 10)...
Video generation complete: daily_shorts_final_low.mp4
Uploading video to YouTube...
=== Upload Complete! ===
Video ID: FwEX16C6wzY
URL: https://youtu.be/FwEX16C6wzY
Cron job completed at Tue Sep  1 08:10:36 KST 2026
Fetching latest data from API...
Found 2292 records from data base.
Found 173 newly updated records.
Saved 2292 all trades to /Users/smithkwon/.openclaw/workspace/dailypriceup/data/daily_lists/all_trade_2026_09_02.json
Saved 173 new trades to /Users/smithkwon/.openclaw/workspace/dailypriceup/data/daily_lists/new_trade_2026_09_02.json
Saved 64 ATH records to /Users/smithkwon/.openclaw/workspace/dailypriceup/data/daily_lists/ath_list_2026_09_02.json
Inserted 173 records into DB. Found 64 ATH records.
Image saved to /Users/smithkwon/.openclaw/workspace/dailypriceup/data/daily_shorts_rate.png
Image saved to /Users/smithkwon/.openclaw/workspace/dailypriceup/data/daily_shorts_amount.png
Image saved to /Users/smithkwon/.openclaw/workspace/dailypriceup/data/daily_shorts_lowest.png
Today is Wednesday, using BGM: Wednesday.mp3
Image saved to /Users/smithkwon/.openclaw/workspace/dailypriceup/data/daily_shorts_top10.png
Generating 16-second Shorts video (including Top 10)...
Video generation complete: daily_shorts_final.mp4
Uploading video to YouTube...
=== Upload Complete! ===
Video ID: f8tEDNy3eEQ
URL: https://youtu.be/f8tEDNy3eEQ
Found 0 records from data base.
Found 0 newly updated records.
Loaded 173 records from /Users/smithkwon/.openclaw/workspace/dailypriceup/data/daily_lists/new_trade_2026_09_02.json
No ATH file found at /Users/smithkwon/.openclaw/workspace/dailypriceup/data/daily_lists/low_ath_list_2026_09_02.json; no ATH records to process.
Image saved to /Users/smithkwon/.openclaw/workspace/dailypriceup/data/daily_shorts_rate_low.png
Image saved to /Users/smithkwon/.openclaw/workspace/dailypriceup/data/daily_shorts_amount_low.png
Image saved to /Users/smithkwon/.openclaw/workspace/dailypriceup/data/daily_shorts_lowest_low.png
Today is Wednesday, using BGM: Wednesday.mp3
Image saved to /Users/smithkwon/.openclaw/workspace/dailypriceup/data/daily_shorts_bottom10.png
Generating 16-second Shorts video (including Bottom 10)...
Video generation complete: daily_shorts_final_low.mp4
Uploading video to YouTube...
=== Upload Complete! ===
Video ID: R1_3hzMXKT8
URL: https://youtu.be/R1_3hzMXKT8
Cron job completed at Wed Sep  2 08:10:37 KST 2026
Fetching latest data from API...
Found 2470 records from data base.
Found 176 newly updated records.
Saved 2470 all trades to /Users/smithkwon/.openclaw/workspace/dailypriceup/data/daily_lists/all_trade_2026_09_03.json
Saved 176 new trades to /Users/smithkwon/.openclaw/workspace/dailypriceup/data/daily_lists/new_trade_2026_09_03.json
Saved 63 ATH records to /Users/smithkwon/.openclaw/workspace/dailypriceup/data/daily_lists/ath_list_2026_09_03.json
Inserted 176 records into DB. Found 63 ATH records.
Image saved to /Users/smithkwon/.openclaw/workspace/dailypriceup/data/daily_shorts_rate.png
Image saved to /Users/smithkwon/.openclaw/workspace/dailypriceup/data/daily_shorts_amount.png
Image saved to /Users/smithkwon/.openclaw/workspace/dailypriceup/data/daily_shorts_lowest.png
Today is Thursday, using BGM: Thursday.mp3
Image saved to /Users/smithkwon/.openclaw/workspace/dailypriceup/data/daily_shorts_top10.png
Generating 16-second Shorts video (including Top 10)...
Video generation complete: daily_shorts_final.mp4
Uploading video to YouTube...
=== Upload Complete! ===
Video ID: i1SrhQkrBII
URL: https://youtu.be/i1SrhQkrBII
Found 0 records from data base.
Found 0 newly updated records.
Loaded 176 records from /Users/smithkwon/.openclaw/workspace/dailypriceup/data/daily_lists/new_trade_2026_09_03.json
No ATH file found at /Users/smithkwon/.openclaw/workspace/dailypriceup/data/daily_lists/low_ath_list_2026_09_03.json; no ATH records to process.
Image saved to /Users/smithkwon/.openclaw/workspace/dailypriceup/data/daily_shorts_rate_low.png
Image saved to /Users/smithkwon/.openclaw/workspace/dailypriceup/data/daily_shorts_amount_low.png
Image saved to /Users/smithkwon/.openclaw/workspace/dailypriceup/data/daily_shorts_lowest_low.png
Today is Thursday, using BGM: Thursday.mp3
Image saved to /Users/smithkwon/.openclaw/workspace/dailypriceup/data/daily_shorts_bottom10.png
Generating 16-second Shorts video (including Bottom 10)...
Video generation complete: daily_shorts_final_low.mp4
Uploading video to YouTube...
=== Upload Complete! ===
Video ID: DMW0J1AnMWk
URL: https://youtu.be/DMW0J1AnMWk
Cron job completed at Thu Sep  3 08:10:40 KST 2026
Fetching latest data from API...
Found 2606 records from data base.
Found 133 newly updated records.
Saved 2606 all trades to /Users/smithkwon/.openclaw/workspace/dailypriceup/data/daily_lists/all_trade_2026_09_04.json
Saved 133 new trades to /Users/smithkwon/.openclaw/workspace/dailypriceup/data/daily_lists/new_trade_2026_09_04.json
Saved 48 ATH records to /Users/smithkwon/.openclaw/workspace/dailypriceup/data/daily_lists/ath_list_2026_09_04.json
Inserted 133 records into DB. Found 48 ATH records.
Image saved to /Users/smithkwon/.openclaw/workspace/dailypriceup/data/daily_shorts_rate.png
Image saved to /Users/smithkwon/.openclaw/workspace/dailypriceup/data/daily_shorts_amount.png
Image saved to /Users/smithkwon/.openclaw/workspace/dailypriceup/data/daily_shorts_lowest.png
Today is Friday, using BGM: Friday.mp3
Image saved to /Users/smithkwon/.openclaw/workspace/dailypriceup/data/daily_shorts_top10.png
Generating 16-second Shorts video (including Top 10)...
Video generation complete: daily_shorts_final.mp4
Uploading video to YouTube...
=== Upload Complete! ===
Video ID: POHJnJngREc
URL: https://youtu.be/POHJnJngREc
Found 0 records from data base.
Found 0 newly updated records.
Loaded 133 records from /Users/smithkwon/.openclaw/workspace/dailypriceup/data/daily_lists/new_trade_2026_09_04.json
No ATH file found at /Users/smithkwon/.openclaw/workspace/dailypriceup/data/daily_lists/low_ath_list_2026_09_04.json; no ATH records to process.
Image saved to /Users/smithkwon/.openclaw/workspace/dailypriceup/data/daily_shorts_rate_low.png
Image saved to /Users/smithkwon/.openclaw/workspace/dailypriceup/data/daily_shorts_amount_low.png
Image saved to /Users/smithkwon/.openclaw/workspace/dailypriceup/data/daily_shorts_lowest_low.png
Today is Friday, using BGM: Friday.mp3
Image saved to /Users/smithkwon/.openclaw/workspace/dailypriceup/data/daily_shorts_bottom10.png
Generating 16-second Shorts video (including Bottom 10)...
Video generation complete: daily_shorts_final_low.mp4
Uploading video to YouTube...
=== Upload Complete! ===
Video ID: o74HdY01iug
URL: https://youtu.be/o74HdY01iug
Cron job completed at Fri Sep  4 08:10:37 KST 2026
Fetching latest data from API...
Found 2806 records from data base.
Found 199 newly updated records.
Saved 2806 all trades to /Users/smithkwon/.openclaw/workspace/dailypriceup/data/daily_lists/all_trade_2026_09_05.json
Saved 199 new trades to /Users/smithkwon/.openclaw/workspace/dailypriceup/data/daily_lists/new_trade_2026_09_05.json
Saved 44 ATH records to /Users/smithkwon/.openclaw/workspace/dailypriceup/data/daily_lists/ath_list_2026_09_05.json
Inserted 199 records into DB. Found 44 ATH records.
Image saved to /Users/smithkwon/.openclaw/workspace/dailypriceup/data/daily_shorts_rate.png
Image saved to /Users/smithkwon/.openclaw/workspace/dailypriceup/data/daily_shorts_amount.png
Image saved to /Users/smithkwon/.openclaw/workspace/dailypriceup/data/daily_shorts_lowest.png
Today is Saturday, using BGM: Saturday.mp3
Image saved to /Users/smithkwon/.openclaw/workspace/dailypriceup/data/daily_shorts_top10.png
Generating 16-second Shorts video (including Top 10)...
Video generation complete: daily_shorts_final.mp4
Uploading video to YouTube...
=== Upload Complete! ===
Video ID: oUKH9b0osKo
URL: https://youtu.be/oUKH9b0osKo
Found 0 records from data base.
Found 0 newly updated records.
Loaded 199 records from /Users/smithkwon/.openclaw/workspace/dailypriceup/data/daily_lists/new_trade_2026_09_05.json
No ATH file found at /Users/smithkwon/.openclaw/workspace/dailypriceup/data/daily_lists/low_ath_list_2026_09_05.json; no ATH records to process.
Image saved to /Users/smithkwon/.openclaw/workspace/dailypriceup/data/daily_shorts_rate_low.png
Image saved to /Users/smithkwon/.openclaw/workspace/dailypriceup/data/daily_shorts_amount_low.png
Image saved to /Users/smithkwon/.openclaw/workspace/dailypriceup/data/daily_shorts_lowest_low.png
Today is Saturday, using BGM: Saturday.mp3
Image saved to /Users/smithkwon/.openclaw/workspace/dailypriceup/data/daily_shorts_bottom10.png
Generating 16-second Shorts video (including Bottom 10)...
Video generation complete: daily_shorts_final_low.mp4
Uploading video to YouTube...
=== Upload Complete! ===
Video ID: 0IbFvCSfFiE
URL: https://youtu.be/0IbFvCSfFiE
Cron job completed at Sat Sep  5 08:10:37 KST 2026
